Name,Name,PositionId,Team1,Team2,Date,Goals,SavesMade,PenaltyGoals,PenaltiesSaved,Assists,Offsides
Giggs Ryan,Manchester United,4,Manchester United,Arsenal,8/28/11 00:00,0,0,0,0,1,0
Giggs Ryan,Manchester United,4,Manchester United,Arsenal,1/22/12 00:00,0,0,0,0,1,0
Giggs Ryan,Manchester United,4,Manchester United,Aston Villa,12/3/11 00:00,0,0,0,0,0,0
Giggs Ryan,Manchester United,4,Manchester United,Blackburn Rovers,4/2/12 00:00,0,0,0,0,0,0
Giggs Ryan,Manchester United,4,Manchester United,Bolton Wanderers,9/10/11 00:00,0,0,0,0,0,1
Giggs Ryan,Manchester United,4,Manchester United,Bolton Wanderers,1/14/12 00:00,0,0,0,0,1,0
Giggs Ryan,Manchester United,4,Manchester United,Chelsea,2/5/12 00:00,0,0,0,0,1,0
Giggs Ryan,Manchester United,4,Manchester United,Fulham,12/21/11 00:00,1,0,0,0,2,0
Giggs Ryan,Manchester United,4,Manchester United,Fulham,3/26/12 00:00,0,0,0,0,0,0
Giggs Ryan,Manchester United,4,Manchester United,Liverpool,10/15/11 00:00,0,0,0,0,0,0
Giggs Ryan,Manchester United,4,Manchester United,Liverpool,2/11/12 00:00,0,0,0,0,0,0
Giggs Ryan,Manchester United,4,Manchester United,Manchester City,4/30/12 00:00,0,0,0,0,0,0
Giggs Ryan,Manchester United,4,Manchester United,Newcastle United,11/26/11 00:00,0,0,0,0,0,0
Giggs Ryan,Manchester United,4,Manchester United,Newcastle United,1/4/12 00:00,0,0,0,0,0,0
Giggs Ryan,Manchester United,4,Manchester United,Norwich City,10/1/11 00:00,0,0,0,0,0,0
Giggs Ryan,Manchester United,4,Manchester United,Norwich City,2/26/12 00:00,1,0,0,0,0,0
Giggs Ryan,Manchester United,4,Manchester United,Queens Park Rangers,12/18/11 00:00,0,0,0,0,0,0
Giggs Ryan,Manchester United,4,Manchester United,Queens Park Rangers,4/8/12 00:00,0,0,0,0,0,0
Giggs Ryan,Manchester United,4,Manchester United,Stoke City,9/24/11 00:00,0,0,0,0,0,0
Giggs Ryan,Manchester United,4,Manchester United,Sunderland,5/13/12 00:00,0,0,0,0,0,0
Giggs Ryan,Manchester United,4,Manchester United,Swansea City,11/19/11 00:00,0,0,0,0,1,0
Giggs Ryan,Manchester United,4,Manchester United,Tottenham Hotspur,8/22/11 00:00,0,0,0,0,1,0
Giggs Ryan,Manchester United,4,Manchester United,Tottenham Hotspur,3/4/12 00:00,0,0,0,0,0,0
Giggs Ryan,Manchester United,4,Manchester United,Wigan Athletic,12/26/11 00:00,0,0,0,0,0,0
Giggs Ryan,Manchester United,4,Manchester United,Wigan Athletic,4/11/12 00:00,0,0,0,0,0,0
Scholes Paul,Manchester United,4,Manchester United,Arsenal,1/22/12 00:00,0,0,0,0,0,0
Scholes Paul,Manchester United,4,Manchester United,Aston Villa,4/15/12 00:00,0,0,0,0,0,0
Scholes Paul,Manchester United,4,Manchester United,Blackburn Rovers,4/2/12 00:00,0,0,0,0,0,0
Scholes Paul,Manchester United,4,Manchester United,Bolton Wanderers,1/14/12 00:00,1,0,0,0,0,0
Scholes Paul,Manchester United,4,Manchester United,Chelsea,2/5/12 00:00,0,0,0,0,0,0
Scholes Paul,Manchester United,4,Manchester United,Everton,4/22/12 00:00,0,0,0,0,0,0
Scholes Paul,Manchester United,4,Manchester United,Fulham,3/26/12 00:00,0,0,0,0,0,0
Scholes Paul,Manchester United,4,Manchester United,Liverpool,2/11/12 00:00,0,0,0,0,0,0
Scholes Paul,Manchester United,4,Manchester United,Manchester City,4/30/12 00:00,0,0,0,0,0,0
Scholes Paul,Manchester United,4,Manchester United,Norwich City,2/26/12 00:00,1,0,0,0,0,0
Scholes Paul,Manchester United,4,Manchester United,Queens Park Rangers,4/8/12 00:00,1,0,0,0,0,0
Scholes Paul,Manchester United,4,Manchester United,Stoke City,1/31/12 00:00,0,0,0,0,0,0
Scholes Paul,Manchester United,4,Manchester United,Sunderland,5/13/12 00:00,0,0,0,0,0,0
Scholes Paul,Manchester United,4,Manchester United,Swansea City,5/6/12 00:00,1,0,0,0,0,0
Scholes Paul,Manchester United,4,Manchester United,Tottenham Hotspur,3/4/12 00:00,0,0,0,0,0,0
Scholes Paul,Manchester United,4,Manchester United,West Bromwich Albion,3/11/12 00:00,0,0,0,0,0,0
Scholes Paul,Manchester United,4,Manchester United,Wolverhampton Wanderers,3/18/12 00:00,0,0,0,0,0,0
Woodgate Jonathan,Stoke City,2,Stoke City,Aston Villa,12/26/11 00:00,0,0,0,0,0,0
Woodgate Jonathan,Stoke City,2,Stoke City,Blackburn Rovers,1/2/12 00:00,0,0,0,0,0,0
Woodgate Jonathan,Stoke City,2,Stoke City,Bolton Wanderers,11/6/11 00:00,0,0,0,0,0,0
Woodgate Jonathan,Stoke City,2,Stoke City,Chelsea,8/14/11 00:00,0,0,0,0,0,0
Woodgate Jonathan,Stoke City,2,Stoke City,Everton,12/4/11 00:00,0,0,0,0,0,0
Woodgate Jonathan,Stoke City,2,Stoke City,Liverpool,1/14/12 00:00,0,0,0,0,0,0
Woodgate Jonathan,Stoke City,2,Stoke City,Manchester City,12/21/11 00:00,0,0,0,0,0,0
Woodgate Jonathan,Stoke City,2,Stoke City,Manchester United,9/24/11 00:00,0,0,0,0,0,0
Woodgate Jonathan,Stoke City,2,Stoke City,Newcastle United,10/31/11 00:00,0,0,0,0,0,0
Woodgate Jonathan,Stoke City,2,Stoke City,Norwich City,8/21/11 00:00,0,0,0,0,0,0
Woodgate Jonathan,Stoke City,2,Stoke City,Sunderland,9/18/11 00:00,0,0,0,0,0,0
Woodgate Jonathan,Stoke City,2,Stoke City,Sunderland,2/4/12 00:00,0,0,0,0,0,0
Woodgate Jonathan,Stoke City,2,Stoke City,Swansea City,10/2/11 00:00,0,0,0,0,0,0
Woodgate Jonathan,Stoke City,2,Stoke City,Tottenham Hotspur,12/11/11 00:00,0,0,0,0,0,0
Woodgate Jonathan,Stoke City,2,Stoke City,West Bromwich Albion,8/28/11 00:00,0,0,0,0,0,0
Woodgate Jonathan,Stoke City,2,Stoke City,West Bromwich Albion,1/21/12 00:00,0,0,0,0,0,0
Woodgate Jonathan,Stoke City,2,Stoke City,Wolverhampton Wanderers,12/17/11 00:00,0,0,0,0,0,0
Smith Alan,Newcastle United,4,Newcastle United,Fulham,8/28/11 00:00,0,0,0,0,0,0
Smith Alan,Newcastle United,4,Newcastle United,Norwich City,12/10/11 00:00,0,0,0,0,0,0
Gabbidon Daniel,Queens Park Rangers,2,Queens Park Rangers,Arsenal,12/31/11 00:00,0,0,0,0,0,0
Gabbidon Daniel,Queens Park Rangers,2,Queens Park Rangers,Blackburn Rovers,2/11/12 00:00,0,0,0,0,0,0
Gabbidon Daniel,Queens Park Rangers,2,Queens Park Rangers,Bolton Wanderers,8/13/11 00:00,0,0,0,0,0,0
Gabbidon Daniel,Queens Park Rangers,2,Queens Park Rangers,Everton,8/20/11 00:00,0,0,0,0,0,0
Gabbidon Daniel,Queens Park Rangers,2,Queens Park Rangers,Liverpool,12/10/11 00:00,0,0,0,0,0,0
Gabbidon Daniel,Queens Park Rangers,2,Queens Park Rangers,Manchester City,11/5/11 00:00,0,0,0,0,0,0
Gabbidon Daniel,Queens Park Rangers,2,Queens Park Rangers,Manchester United,12/18/11 00:00,0,0,0,0,0,0
Gabbidon Daniel,Queens Park Rangers,2,Queens Park Rangers,Newcastle United,9/12/11 00:00,0,0,0,0,0,0
Gabbidon Daniel,Queens Park Rangers,2,Queens Park Rangers,Newcastle United,1/15/12 00:00,0,0,0,0,0,0
Gabbidon Daniel,Queens Park Rangers,2,Queens Park Rangers,Norwich City,11/26/11 00:00,0,0,0,0,0,0
Gabbidon Daniel,Queens Park Rangers,2,Queens Park Rangers,Norwich City,1/2/12 00:00,0,0,0,0,0,0
Gabbidon Daniel,Queens Park Rangers,2,Queens Park Rangers,Stoke City,11/19/11 00:00,0,0,0,0,0,0
Gabbidon Daniel,Queens Park Rangers,2,Queens Park Rangers,Sunderland,12/21/11 00:00,0,0,0,0,0,0
Gabbidon Daniel,Queens Park Rangers,2,Queens Park Rangers,Tottenham Hotspur,10/30/11 00:00,0,0,0,0,0,0
Gabbidon Daniel,Queens Park Rangers,2,Queens Park Rangers,West Bromwich Albion,12/3/11 00:00,0,0,0,0,0,0
Gabbidon Daniel,Queens Park Rangers,2,Queens Park Rangers,Wigan Athletic,8/27/11 00:00,0,0,0,0,0,0
Gabbidon Daniel,Queens Park Rangers,2,Queens Park Rangers,Wolverhampton Wanderers,9/17/11 00:00,0,0,0,0,0,0
Bramble Titus,Sunderland,2,Sunderland,Blackburn Rovers,12/11/11 00:00,0,0,0,0,0,0
Bramble Titus,Sunderland,2,Sunderland,Chelsea,9/10/11 00:00,0,0,0,0,0,0
Bramble Titus,Sunderland,2,Sunderland,Everton,12/26/11 00:00,0,0,0,0,0,0
Bramble Titus,Sunderland,2,Sunderland,Manchester United,5/13/12 00:00,0,0,0,0,0,0
Bramble Titus,Sunderland,2,Sunderland,Norwich City,9/26/11 00:00,0,0,0,0,0,0
Bramble Titus,Sunderland,2,Sunderland,Queens Park Rangers,12/21/11 00:00,0,0,0,0,0,0
Bramble Titus,Sunderland,2,Sunderland,Stoke City,9/18/11 00:00,1,0,0,0,0,0
Bramble Titus,Sunderland,2,Sunderland,Tottenham Hotspur,12/18/11 00:00,0,0,0,0,0,0
Johnson Andrew,Fulham,6,Fulham,Arsenal,11/26/11 00:00,0,0,0,0,0,0
Johnson Andrew,Fulham,6,Fulham,Aston Villa,8/13/11 00:00,0,0,0,0,0,2
Johnson Andrew,Fulham,6,Fulham,Aston Villa,3/10/12 00:00,0,0,0,0,0,1
Johnson Andrew,Fulham,6,Fulham,Blackburn Rovers,9/11/11 00:00,0,0,0,0,0,0
Johnson Andrew,Fulham,6,Fulham,Blackburn Rovers,1/14/12 00:00,0,0,0,0,0,0
Johnson Andrew,Fulham,6,Fulham,Bolton Wanderers,12/17/11 00:00,0,0,0,0,0,4
Johnson Andrew,Fulham,6,Fulham,Everton,10/23/11 00:00,0,0,0,0,0,0
Johnson Andrew,Fulham,6,Fulham,Liverpool,12/5/11 00:00,0,0,0,0,0,1
Johnson Andrew,Fulham,6,Fulham,Manchester United,12/21/11 00:00,0,0,0,0,0,0
Johnson Andrew,Fulham,6,Fulham,Newcastle United,8/28/11 00:00,0,0,0,0,0,0
Johnson Andrew,Fulham,6,Fulham,Newcastle United,1/21/12 00:00,0,0,0,0,0,4
Johnson Andrew,Fulham,6,Fulham,Queens Park Rangers,10/2/11 00:00,3,0,0,0,0,0
Johnson Andrew,Fulham,6,Fulham,Queens Park Rangers,2/25/12 00:00,0,0,0,0,0,2
Johnson Andrew,Fulham,6,Fulham,Stoke City,10/15/11 00:00,0,0,0,0,0,1
Johnson Andrew,Fulham,6,Fulham,Sunderland,11/19/11 00:00,0,0,0,0,0,1
Johnson Andrew,Fulham,6,Fulham,Swansea City,12/10/11 00:00,0,0,0,0,0,0
Johnson Andrew,Fulham,6,Fulham,Swansea City,3/17/12 00:00,0,0,0,0,0,0
Johnson Andrew,Fulham,6,Fulham,Wigan Athletic,10/29/11 00:00,0,0,0,0,0,1
Johnson Andrew,Fulham,6,Fulham,Wolverhampton Wanderers,8/21/11 00:00,0,0,0,0,0,1
Johnson Andrew,Fulham,6,Fulham,Wolverhampton Wanderers,3/4/12 00:00,0,0,0,0,1,0
Wright-Phillips Shaun,Queens Park Rangers,4,Queens Park Rangers,Arsenal,12/31/11 00:00,0,0,0,0,0,2
Wright-Phillips Shaun,Queens Park Rangers,4,Queens Park Rangers,Arsenal,3/31/12 00:00,0,0,0,0,0,0
Wright-Phillips Shaun,Queens Park Rangers,4,Queens Park Rangers,Aston Villa,9/25/11 00:00,0,0,0,0,0,2
Wright-Phillips Shaun,Queens Park Rangers,4,Queens Park Rangers,Aston Villa,2/1/12 00:00,0,0,0,0,0,0
Wright-Phillips Shaun,Queens Park Rangers,4,Queens Park Rangers,Blackburn Rovers,10/15/11 00:00,0,0,0,0,0,0
Wright-Phillips Shaun,Queens Park Rangers,4,Queens Park Rangers,Blackburn Rovers,2/11/12 00:00,0,0,0,0,0,1
Wright-Phillips Shaun,Queens Park Rangers,4,Queens Park Rangers,Bolton Wanderers,3/10/12 00:00,0,0,0,0,0,0
Wright-Phillips Shaun,Queens Park Rangers,4,Queens Park Rangers,Chelsea,10/23/11 00:00,0,0,0,0,0,2
Wright-Phillips Shaun,Queens Park Rangers,4,Queens Park Rangers,Chelsea,4/29/12 00:00,0,0,0,0,0,0
Wright-Phillips Shaun,Queens Park Rangers,4,Queens Park Rangers,Everton,3/3/12 00:00,0,0,0,0,0,0
Wright-Phillips Shaun,Queens Park Rangers,4,Queens Park Rangers,Fulham,10/2/11 00:00,0,0,0,0,0,0
Wright-Phillips Shaun,Queens Park Rangers,4,Queens Park Rangers,Fulham,2/25/12 00:00,0,0,0,0,0,0
Wright-Phillips Shaun,Queens Park Rangers,4,Queens Park Rangers,Liverpool,12/10/11 00:00,0,0,0,0,0,0
Wright-Phillips Shaun,Queens Park Rangers,4,Queens Park Rangers,Manchester City,11/5/11 00:00,0,0,0,0,0,1
Wright-Phillips Shaun,Queens Park Rangers,4,Queens Park Rangers,Manchester City,5/13/12 00:00,0,0,0,0,0,0
Wright-Phillips Shaun,Queens Park Rangers,4,Queens Park Rangers,Manchester United,12/18/11 00:00,0,0,0,0,0,0
Wright-Phillips Shaun,Queens Park Rangers,4,Queens Park Rangers,Manchester United,4/8/12 00:00,0,0,0,0,0,0
Wright-Phillips Shaun,Queens Park Rangers,4,Queens Park Rangers,Newcastle United,9/12/11 00:00,0,0,0,0,0,2
Wright-Phillips Shaun,Queens Park Rangers,4,Queens Park Rangers,Newcastle United,1/15/12 00:00,0,0,0,0,0,2
Wright-Phillips Shaun,Queens Park Rangers,4,Queens Park Rangers,Norwich City,11/26/11 00:00,0,0,0,0,0,0
Wright-Phillips Shaun,Queens Park Rangers,4,Queens Park Rangers,Norwich City,1/2/12 00:00,0,0,0,0,0,0
Wright-Phillips Shaun,Queens Park Rangers,4,Queens Park Rangers,Stoke City,11/19/11 00:00,0,0,0,0,0,0
Wright-Phillips Shaun,Queens Park Rangers,4,Queens Park Rangers,Stoke City,5/6/12 00:00,0,0,0,0,0,0
Wright-Phillips Shaun,Queens Park Rangers,4,Queens Park Rangers,Sunderland,12/21/11 00:00,0,0,0,0,0,0
Wright-Phillips Shaun,Queens Park Rangers,4,Queens Park Rangers,Sunderland,3/24/12 00:00,0,0,0,0,0,0
Wright-Phillips Shaun,Queens Park Rangers,4,Queens Park Rangers,Swansea City,4/11/12 00:00,0,0,0,0,0,0
Wright-Phillips Shaun,Queens Park Rangers,4,Queens Park Rangers,Tottenham Hotspur,10/30/11 00:00,0,0,0,0,0,1
Wright-Phillips Shaun,Queens Park Rangers,4,Queens Park Rangers,West Bromwich Albion,12/3/11 00:00,0,0,0,0,0,1
Wright-Phillips Shaun,Queens Park Rangers,4,Queens Park Rangers,West Bromwich Albion,4/14/12 00:00,0,0,0,0,0,0
Wright-Phillips Shaun,Queens Park Rangers,4,Queens Park Rangers,Wigan Athletic,1/21/12 00:00,0,0,0,0,1,0
Wright-Phillips Shaun,Queens Park Rangers,4,Queens Park Rangers,Wolverhampton Wanderers,9/17/11 00:00,0,0,0,0,1,2
Wright-Phillips Shaun,Queens Park Rangers,4,Queens Park Rangers,Wolverhampton Wanderers,2/4/12 00:00,0,0,0,0,1,0
Hill Clint,Queens Park Rangers,2,Queens Park Rangers,Arsenal,3/31/12 00:00,0,0,0,0,1,0
Hill Clint,Queens Park Rangers,2,Queens Park Rangers,Bolton Wanderers,8/13/11 00:00,0,0,0,0,0,0
Hill Clint,Queens Park Rangers,2,Queens Park Rangers,Bolton Wanderers,3/10/12 00:00,0,0,0,0,0,0
Hill Clint,Queens Park Rangers,2,Queens Park Rangers,Chelsea,10/23/11 00:00,0,0,0,0,0,0
Hill Clint,Queens Park Rangers,2,Queens Park Rangers,Chelsea,4/29/12 00:00,0,0,0,0,0,0
Hill Clint,Queens Park Rangers,2,Queens Park Rangers,Everton,3/3/12 00:00,0,0,0,0,0,0
Hill Clint,Queens Park Rangers,2,Queens Park Rangers,Fulham,2/25/12 00:00,0,0,0,0,0,0
Hill Clint,Queens Park Rangers,2,Queens Park Rangers,Liverpool,12/10/11 00:00,0,0,0,0,0,0
Hill Clint,Queens Park Rangers,2,Queens Park Rangers,Manchester City,11/5/11 00:00,0,0,0,0,0,0
Hill Clint,Queens Park Rangers,2,Queens Park Rangers,Manchester City,5/13/12 00:00,0,0,0,0,0,0
Hill Clint,Queens Park Rangers,2,Queens Park Rangers,Manchester United,12/18/11 00:00,0,0,0,0,0,0
Hill Clint,Queens Park Rangers,2,Queens Park Rangers,Manchester United,4/8/12 00:00,0,0,0,0,0,0
Hill Clint,Queens Park Rangers,2,Queens Park Rangers,Newcastle United,1/15/12 00:00,0,0,0,0,0,0
Hill Clint,Queens Park Rangers,2,Queens Park Rangers,Norwich City,11/26/11 00:00,0,0,0,0,0,0
Hill Clint,Queens Park Rangers,2,Queens Park Rangers,Norwich City,1/2/12 00:00,0,0,0,0,1,1
Hill Clint,Queens Park Rangers,2,Queens Park Rangers,Stoke City,11/19/11 00:00,0,0,0,0,0,0
Hill Clint,Queens Park Rangers,2,Queens Park Rangers,Stoke City,5/6/12 00:00,0,0,0,0,0,0
Hill Clint,Queens Park Rangers,2,Queens Park Rangers,Swansea City,12/27/11 00:00,0,0,0,0,0,0
Hill Clint,Queens Park Rangers,2,Queens Park Rangers,Swansea City,4/11/12 00:00,0,0,0,0,0,0
Hill Clint,Queens Park Rangers,2,Queens Park Rangers,Tottenham Hotspur,4/21/12 00:00,0,0,0,0,0,0
Hill Clint,Queens Park Rangers,2,Queens Park Rangers,West Bromwich Albion,4/14/12 00:00,0,0,0,0,0,0
Hill Clint,Queens Park Rangers,2,Queens Park Rangers,Wigan Athletic,1/21/12 00:00,0,0,0,0,0,0
Bellamy Craig,Liverpool,6,Liverpool,Arsenal,3/3/12 00:00,0,0,0,0,0,0
Bellamy Craig,Liverpool,6,Liverpool,Aston Villa,12/18/11 00:00,1,0,0,0,1,1
Bellamy Craig,Liverpool,6,Liverpool,Aston Villa,4/7/12 00:00,0,0,0,0,0,0
Bellamy Craig,Liverpool,6,Liverpool,Blackburn Rovers,12/26/11 00:00,0,0,0,0,0,0
Bellamy Craig,Liverpool,6,Liverpool,Blackburn Rovers,4/10/12 00:00,0,0,0,0,1,1
Bellamy Craig,Liverpool,6,Liverpool,Bolton Wanderers,1/21/12 00:00,1,0,0,0,0,2
Bellamy Craig,Liverpool,6,Liverpool,Chelsea,11/20/11 00:00,0,0,0,0,1,0
Bellamy Craig,Liverpool,6,Liverpool,Everton,10/1/11 00:00,0,0,0,0,0,1
Bellamy Craig,Liverpool,6,Liverpool,Fulham,12/5/11 00:00,0,0,0,0,0,0
Bellamy Craig,Liverpool,6,Liverpool,Manchester City,1/3/12 00:00,0,0,0,0,0,0
Bellamy Craig,Liverpool,6,Liverpool,Manchester United,2/11/12 00:00,0,0,0,0,0,0
Bellamy Craig,Liverpool,6,Liverpool,Newcastle United,12/30/11 00:00,2,0,0,0,0,3
Bellamy Craig,Liverpool,6,Liverpool,Newcastle United,4/1/12 00:00,0,0,0,0,0,1
Bellamy Craig,Liverpool,6,Liverpool,Norwich City,10/22/11 00:00,1,0,0,0,0,1
Bellamy Craig,Liverpool,6,Liverpool,Norwich City,4/28/12 00:00,0,0,0,0,0,1
Bellamy Craig,Liverpool,6,Liverpool,Queens Park Rangers,12/10/11 00:00,0,0,0,0,0,0
Bellamy Craig,Liverpool,6,Liverpool,Stoke City,9/10/11 00:00,0,0,0,0,0,0
Bellamy Craig,Liverpool,6,Liverpool,Stoke City,1/14/12 00:00,0,0,0,0,0,0
Bellamy Craig,Liverpool,6,Liverpool,Sunderland,3/10/12 00:00,0,0,0,0,0,0
Bellamy Craig,Liverpool,6,Liverpool,Swansea City,11/5/11 00:00,0,0,0,0,0,0
Bellamy Craig,Liverpool,6,Liverpool,Swansea City,5/13/12 00:00,0,0,0,0,0,0
Bellamy Craig,Liverpool,6,Liverpool,Tottenham Hotspur,9/18/11 00:00,0,0,0,0,0,0
Bellamy Craig,Liverpool,6,Liverpool,Tottenham Hotspur,2/6/12 00:00,0,0,0,0,0,0
Bellamy Craig,Liverpool,6,Liverpool,West Bromwich Albion,10/29/11 00:00,0,0,0,0,0,0
Bellamy Craig,Liverpool,6,Liverpool,West Bromwich Albion,4/22/12 00:00,0,0,0,0,0,0
Bellamy Craig,Liverpool,6,Liverpool,Wigan Athletic,12/21/11 00:00,0,0,0,0,0,0
Bellamy Craig,Liverpool,6,Liverpool,Wolverhampton Wanderers,1/31/12 00:00,1,0,0,0,0,1
Duff Damien,Fulham,4,Fulham,Aston Villa,8/13/11 00:00,0,0,0,0,0,1
Duff Damien,Fulham,4,Fulham,Aston Villa,3/10/12 00:00,0,0,0,0,0,0
Duff Damien,Fulham,4,Fulham,Blackburn Rovers,9/11/11 00:00,0,0,0,0,0,1
Duff Damien,Fulham,4,Fulham,Blackburn Rovers,1/14/12 00:00,1,0,0,0,0,0
Duff Damien,Fulham,4,Fulham,Bolton Wanderers,4/7/12 00:00,0,0,0,0,1,2
Duff Damien,Fulham,4,Fulham,Chelsea,4/9/12 00:00,0,0,0,0,1,1
Duff Damien,Fulham,4,Fulham,Everton,4/28/12 00:00,0,0,0,0,0,1
Duff Damien,Fulham,4,Fulham,Liverpool,5/1/12 00:00,0,0,0,0,0,0
Duff Damien,Fulham,4,Fulham,Manchester City,9/18/11 00:00,0,0,0,0,0,1
Duff Damien,Fulham,4,Fulham,Manchester City,2/4/12 00:00,0,0,0,0,0,0
Duff Damien,Fulham,4,Fulham,Manchester United,3/26/12 00:00,0,0,0,0,0,0
Duff Damien,Fulham,4,Fulham,Newcastle United,8/28/11 00:00,0,0,0,0,0,0
Duff Damien,Fulham,4,Fulham,Newcastle United,1/21/12 00:00,0,0,0,0,0,1
Duff Damien,Fulham,4,Fulham,Norwich City,12/31/11 00:00,0,0,0,0,0,1
Duff Damien,Fulham,4,Fulham,Norwich City,3/31/12 00:00,1,0,0,0,0,0
Duff Damien,Fulham,4,Fulham,Queens Park Rangers,2/25/12 00:00,0,0,0,0,0,0
Duff Damien,Fulham,4,Fulham,Stoke City,10/15/11 00:00,0,0,0,0,0,0
Duff Damien,Fulham,4,Fulham,Stoke City,2/11/12 00:00,0,0,0,0,0,0
Duff Damien,Fulham,4,Fulham,Sunderland,11/19/11 00:00,0,0,0,0,0,0
Duff Damien,Fulham,4,Fulham,Sunderland,5/6/12 00:00,0,0,0,0,0,0
Duff Damien,Fulham,4,Fulham,Swansea City,3/17/12 00:00,0,0,0,0,0,0
Duff Damien,Fulham,4,Fulham,Tottenham Hotspur,11/6/11 00:00,0,0,0,0,0,0
Duff Damien,Fulham,4,Fulham,Tottenham Hotspur,5/13/12 00:00,0,0,0,0,0,1
Duff Damien,Fulham,4,Fulham,West Bromwich Albion,2/1/12 00:00,0,0,0,0,0,0
Duff Damien,Fulham,4,Fulham,Wigan Athletic,10/29/11 00:00,0,0,0,0,0,0
Duff Damien,Fulham,4,Fulham,Wigan Athletic,4/21/12 00:00,0,0,0,0,0,0
Duff Damien,Fulham,4,Fulham,Wolverhampton Wanderers,8/21/11 00:00,0,0,0,0,0,0
Duff Damien,Fulham,4,Fulham,Wolverhampton Wanderers,3/4/12 00:00,0,0,0,0,1,0
Dunn David,Blackburn Rovers,4,Blackburn Rovers,Arsenal,2/4/12 00:00,0,0,0,0,0,0
Dunn David,Blackburn Rovers,4,Blackburn Rovers,Aston Villa,8/20/11 00:00,0,0,0,0,0,0
Dunn David,Blackburn Rovers,4,Blackburn Rovers,Aston Villa,3/3/12 00:00,1,0,0,0,0,0
Dunn David,Blackburn Rovers,4,Blackburn Rovers,Bolton Wanderers,12/20/11 00:00,0,0,0,0,0,0
Dunn David,Blackburn Rovers,4,Blackburn Rovers,Bolton Wanderers,3/24/12 00:00,0,0,0,0,0,1
Dunn David,Blackburn Rovers,4,Blackburn Rovers,Chelsea,11/5/11 00:00,0,0,0,0,0,0
Dunn David,Blackburn Rovers,4,Blackburn Rovers,Everton,8/27/11 00:00,0,0,0,0,0,0
Dunn David,Blackburn Rovers,4,Blackburn Rovers,Everton,1/21/12 00:00,0,0,0,0,0,1
Dunn David,Blackburn Rovers,4,Blackburn Rovers,Fulham,9/11/11 00:00,0,0,0,0,0,0
Dunn David,Blackburn Rovers,4,Blackburn Rovers,Fulham,1/14/12 00:00,1,0,0,0,0,0
Dunn David,Blackburn Rovers,4,Blackburn Rovers,Liverpool,12/26/11 00:00,0,0,0,0,0,0
Dunn David,Blackburn Rovers,4,Blackburn Rovers,Liverpool,4/10/12 00:00,0,0,0,0,1,0
Dunn David,Blackburn Rovers,4,Blackburn Rovers,Newcastle United,2/1/12 00:00,0,0,0,1,0,0
Dunn David,Blackburn Rovers,4,Blackburn Rovers,Norwich City,10/29/11 00:00,0,0,0,0,0,0
Dunn David,Blackburn Rovers,4,Blackburn Rovers,Norwich City,4/21/12 00:00,0,0,0,0,0,0
Dunn David,Blackburn Rovers,4,Blackburn Rovers,Stoke City,1/2/12 00:00,0,0,0,0,0,0
Dunn David,Blackburn Rovers,4,Blackburn Rovers,Sunderland,12/11/11 00:00,0,0,0,0,0,0
Dunn David,Blackburn Rovers,4,Blackburn Rovers,Swansea City,12/3/11 00:00,0,0,0,0,0,0
Dunn David,Blackburn Rovers,4,Blackburn Rovers,Swansea City,4/14/12 00:00,0,0,0,0,0,0
Dunn David,Blackburn Rovers,4,Blackburn Rovers,Tottenham Hotspur,4/29/12 00:00,0,0,0,0,0,0
Dunn David,Blackburn Rovers,4,Blackburn Rovers,West Bromwich Albion,12/17/11 00:00,0,0,0,0,0,0
Dunn David,Blackburn Rovers,4,Blackburn Rovers,West Bromwich Albion,4/7/12 00:00,0,0,0,0,0,0
Dunn David,Blackburn Rovers,4,Blackburn Rovers,Wigan Athletic,11/19/11 00:00,0,0,0,0,0,0
Dunn David,Blackburn Rovers,4,Blackburn Rovers,Wigan Athletic,5/7/12 00:00,0,0,0,0,0,0
Dunn David,Blackburn Rovers,4,Blackburn Rovers,Wolverhampton Wanderers,8/13/11 00:00,0,0,0,0,0,0
Dunn David,Blackburn Rovers,4,Blackburn Rovers,Wolverhampton Wanderers,3/10/12 00:00,0,0,0,0,0,0
Gardner Ricardo,Bolton Wanderers,4,Bolton Wanderers,Chelsea,10/2/11 00:00,0,0,0,0,0,0
Gardner Ricardo,Bolton Wanderers,4,Bolton Wanderers,Sunderland,10/22/11 00:00,0,0,0,0,0,0
Gardner Ricardo,Bolton Wanderers,4,Bolton Wanderers,Swansea City,10/29/11 00:00,0,0,0,0,0,0
Gardner Ricardo,Bolton Wanderers,4,Bolton Wanderers,Wigan Athletic,10/15/11 00:00,0,0,0,0,0,0
JŠŠskelŠinen Jussi,Bolton Wanderers,1,Bolton Wanderers,Arsenal,9/24/11 00:00,0,8,0,0,0,0
JŠŠskelŠinen Jussi,Bolton Wanderers,1,Bolton Wanderers,Aston Villa,12/10/11 00:00,0,3,0,0,0,0
JŠŠskelŠinen Jussi,Bolton Wanderers,1,Bolton Wanderers,Blackburn Rovers,12/20/11 00:00,0,1,0,0,0,0
JŠŠskelŠinen Jussi,Bolton Wanderers,1,Bolton Wanderers,Everton,11/26/11 00:00,0,7,0,0,0,0
JŠŠskelŠinen Jussi,Bolton Wanderers,1,Bolton Wanderers,Fulham,12/17/11 00:00,0,2,0,0,0,0
JŠŠskelŠinen Jussi,Bolton Wanderers,1,Bolton Wanderers,Liverpool,8/27/11 00:00,0,3,0,0,0,0
JŠŠskelŠinen Jussi,Bolton Wanderers,1,Bolton Wanderers,Manchester City,8/21/11 00:00,0,4,0,0,0,0
JŠŠskelŠinen Jussi,Bolton Wanderers,1,Bolton Wanderers,Manchester United,9/10/11 00:00,0,2,0,0,0,0
JŠŠskelŠinen Jussi,Bolton Wanderers,1,Bolton Wanderers,Newcastle United,12/26/11 00:00,0,3,0,0,0,0
JŠŠskelŠinen Jussi,Bolton Wanderers,1,Bolton Wanderers,Norwich City,9/17/11 00:00,0,4,0,0,0,0
JŠŠskelŠinen Jussi,Bolton Wanderers,1,Bolton Wanderers,Queens Park Rangers,8/13/11 00:00,0,2,0,0,0,0
JŠŠskelŠinen Jussi,Bolton Wanderers,1,Bolton Wanderers,Stoke City,11/6/11 00:00,0,2,0,0,0,0
JŠŠskelŠinen Jussi,Bolton Wanderers,1,Bolton Wanderers,Sunderland,10/22/11 00:00,0,2,0,0,0,0
JŠŠskelŠinen Jussi,Bolton Wanderers,1,Bolton Wanderers,Swansea City,10/29/11 00:00,0,4,0,0,0,0
JŠŠskelŠinen Jussi,Bolton Wanderers,1,Bolton Wanderers,Tottenham Hotspur,12/3/11 00:00,0,9,0,0,0,0
JŠŠskelŠinen Jussi,Bolton Wanderers,1,Bolton Wanderers,West Bromwich Albion,11/19/11 00:00,0,4,0,0,0,0
JŠŠskelŠinen Jussi,Bolton Wanderers,1,Bolton Wanderers,Wigan Athletic,10/15/11 00:00,0,1,0,0,0,0
JŠŠskelŠinen Jussi,Bolton Wanderers,1,Bolton Wanderers,Wolverhampton Wanderers,12/31/11 00:00,0,1,0,0,0,0
Wilbraham Aaron,Norwich City,6,Norwich City,Arsenal,5/5/12 00:00,0,0,0,0,0,0
Wilbraham Aaron,Norwich City,6,Norwich City,Aston Villa,5/13/12 00:00,0,0,0,0,0,0
Wilbraham Aaron,Norwich City,6,Norwich City,Blackburn Rovers,4/21/12 00:00,0,0,0,0,0,1
Wilbraham Aaron,Norwich City,6,Norwich City,Everton,12/17/11 00:00,0,0,0,0,0,0
Wilbraham Aaron,Norwich City,6,Norwich City,Everton,4/7/12 00:00,0,0,0,0,1,1
Wilbraham Aaron,Norwich City,6,Norwich City,Fulham,3/31/12 00:00,1,0,0,0,0,0
Wilbraham Aaron,Norwich City,6,Norwich City,Manchester City,4/14/12 00:00,0,0,0,0,0,0
Wilbraham Aaron,Norwich City,6,Norwich City,Manchester United,2/26/12 00:00,0,0,0,0,0,0
Wilbraham Aaron,Norwich City,6,Norwich City,Stoke City,3/3/12 00:00,0,0,0,0,0,0
Wilbraham Aaron,Norwich City,6,Norwich City,Sunderland,2/1/12 00:00,0,0,0,0,0,0
Wilbraham Aaron,Norwich City,6,Norwich City,Tottenham Hotspur,4/9/12 00:00,0,0,0,0,0,0
Parker Scott,Tottenham Hotspur,4,Tottenham Hotspur,Arsenal,10/2/11 00:00,0,0,0,0,0,1
Parker Scott,Tottenham Hotspur,4,Tottenham Hotspur,Arsenal,2/26/12 00:00,0,0,0,0,0,0
Parker Scott,Tottenham Hotspur,4,Tottenham Hotspur,Aston Villa,11/21/11 00:00,0,0,0,0,0,0
Parker Scott,Tottenham Hotspur,4,Tottenham Hotspur,Aston Villa,5/6/12 00:00,0,0,0,0,0,0
Parker Scott,Tottenham Hotspur,4,Tottenham Hotspur,Blackburn Rovers,10/23/11 00:00,0,0,0,0,0,0
Parker Scott,Tottenham Hotspur,4,Tottenham Hotspur,Bolton Wanderers,12/3/11 00:00,0,0,0,0,0,0
Parker Scott,Tottenham Hotspur,4,Tottenham Hotspur,Chelsea,12/22/11 00:00,0,0,0,0,0,0
Parker Scott,Tottenham Hotspur,4,Tottenham Hotspur,Chelsea,3/24/12 00:00,0,0,0,0,0,0
Parker Scott,Tottenham Hotspur,4,Tottenham Hotspur,Everton,3/10/12 00:00,0,0,0,0,0,0
Parker Scott,Tottenham Hotspur,4,Tottenham Hotspur,Fulham,11/6/11 00:00,0,0,0,0,0,0
Parker Scott,Tottenham Hotspur,4,Tottenham Hotspur,Liverpool,9/18/11 00:00,0,0,0,0,0,0
Parker Scott,Tottenham Hotspur,4,Tottenham Hotspur,Liverpool,2/6/12 00:00,0,0,0,0,0,0
Parker Scott,Tottenham Hotspur,4,Tottenham Hotspur,Manchester City,1/22/12 00:00,0,0,0,0,0,0
Parker Scott,Tottenham Hotspur,4,Tottenham Hotspur,Newcastle United,10/16/11 00:00,0,0,0,0,0,0
Parker Scott,Tottenham Hotspur,4,Tottenham Hotspur,Newcastle United,2/11/12 00:00,0,0,0,0,0,0
Parker Scott,Tottenham Hotspur,4,Tottenham Hotspur,Norwich City,12/27/11 00:00,0,0,0,0,0,0
Parker Scott,Tottenham Hotspur,4,Tottenham Hotspur,Queens Park Rangers,10/30/11 00:00,0,0,0,0,0,0
Parker Scott,Tottenham Hotspur,4,Tottenham Hotspur,Queens Park Rangers,4/21/12 00:00,0,0,0,0,0,0
Parker Scott,Tottenham Hotspur,4,Tottenham Hotspur,Stoke City,12/11/11 00:00,0,0,0,0,0,0
Parker Scott,Tottenham Hotspur,4,Tottenham Hotspur,Stoke City,3/21/12 00:00,0,0,0,0,0,0
Parker Scott,Tottenham Hotspur,4,Tottenham Hotspur,Sunderland,12/18/11 00:00,0,0,0,0,0,0
Parker Scott,Tottenham Hotspur,4,Tottenham Hotspur,Sunderland,4/7/12 00:00,0,0,0,0,0,0
Parker Scott,Tottenham Hotspur,4,Tottenham Hotspur,Swansea City,12/31/11 00:00,0,0,0,0,0,0
Parker Scott,Tottenham Hotspur,4,Tottenham Hotspur,Swansea City,4/1/12 00:00,0,0,0,0,0,0
Parker Scott,Tottenham Hotspur,4,Tottenham Hotspur,West Bromwich Albion,11/26/11 00:00,0,0,0,0,0,0
Parker Scott,Tottenham Hotspur,4,Tottenham Hotspur,Wigan Athletic,9/24/11 00:00,0,0,0,0,0,0
Parker Scott,Tottenham Hotspur,4,Tottenham Hotspur,Wigan Athletic,1/31/12 00:00,0,0,0,0,0,0
Parker Scott,Tottenham Hotspur,4,Tottenham Hotspur,Wolverhampton Wanderers,9/10/11 00:00,0,0,0,0,1,0
Parker Scott,Tottenham Hotspur,4,Tottenham Hotspur,Wolverhampton Wanderers,1/14/12 00:00,0,0,0,0,0,0
Derry Shaun,Queens Park Rangers,4,Queens Park Rangers,Arsenal,3/31/12 00:00,0,0,0,0,0,0
Derry Shaun,Queens Park Rangers,4,Queens Park Rangers,Aston Villa,9/25/11 00:00,0,0,0,0,0,0
Derry Shaun,Queens Park Rangers,4,Queens Park Rangers,Aston Villa,2/1/12 00:00,0,0,0,0,0,0
Derry Shaun,Queens Park Rangers,4,Queens Park Rangers,Blackburn Rovers,10/15/11 00:00,0,0,0,0,0,0
Derry Shaun,Queens Park Rangers,4,Queens Park Rangers,Bolton Wanderers,8/13/11 00:00,0,0,0,0,0,0
Derry Shaun,Queens Park Rangers,4,Queens Park Rangers,Bolton Wanderers,3/10/12 00:00,0,0,0,0,0,0
Derry Shaun,Queens Park Rangers,4,Queens Park Rangers,Chelsea,10/23/11 00:00,0,0,0,0,0,0
Derry Shaun,Queens Park Rangers,4,Queens Park Rangers,Chelsea,4/29/12 00:00,0,0,0,0,0,0
Derry Shaun,Queens Park Rangers,4,Queens Park Rangers,Everton,8/20/11 00:00,0,0,0,0,0,0
Derry Shaun,Queens Park Rangers,4,Queens Park Rangers,Everton,3/3/12 00:00,0,0,0,0,0,0
Derry Shaun,Queens Park Rangers,4,Queens Park Rangers,Fulham,10/2/11 00:00,0,0,0,0,0,0
Derry Shaun,Queens Park Rangers,4,Queens Park Rangers,Liverpool,3/21/12 00:00,1,0,0,0,0,0
Derry Shaun,Queens Park Rangers,4,Queens Park Rangers,Manchester City,5/13/12 00:00,0,0,0,0,0,0
Derry Shaun,Queens Park Rangers,4,Queens Park Rangers,Manchester United,4/8/12 00:00,0,0,0,0,0,0
Derry Shaun,Queens Park Rangers,4,Queens Park Rangers,Newcastle United,9/12/11 00:00,0,0,0,0,0,0
Derry Shaun,Queens Park Rangers,4,Queens Park Rangers,Newcastle United,1/15/12 00:00,0,0,0,0,0,0
Derry Shaun,Queens Park Rangers,4,Queens Park Rangers,Norwich City,11/26/11 00:00,0,0,0,0,0,0
Derry Shaun,Queens Park Rangers,4,Queens Park Rangers,Norwich City,1/2/12 00:00,0,0,0,0,0,0
Derry Shaun,Queens Park Rangers,4,Queens Park Rangers,Stoke City,5/6/12 00:00,0,0,0,0,0,0
Derry Shaun,Queens Park Rangers,4,Queens Park Rangers,Sunderland,12/21/11 00:00,0,0,0,0,0,0
Derry Shaun,Queens Park Rangers,4,Queens Park Rangers,Sunderland,3/24/12 00:00,0,0,0,0,0,0
Derry Shaun,Queens Park Rangers,4,Queens Park Rangers,Swansea City,12/27/11 00:00,0,0,0,0,0,0
Derry Shaun,Queens Park Rangers,4,Queens Park Rangers,Tottenham Hotspur,10/30/11 00:00,0,0,0,0,0,0
Derry Shaun,Queens Park Rangers,4,Queens Park Rangers,Tottenham Hotspur,4/21/12 00:00,0,0,0,0,0,0
Derry Shaun,Queens Park Rangers,4,Queens Park Rangers,West Bromwich Albion,4/14/12 00:00,0,0,0,0,0,0
Derry Shaun,Queens Park Rangers,4,Queens Park Rangers,Wigan Athletic,8/27/11 00:00,0,0,0,0,0,0
Derry Shaun,Queens Park Rangers,4,Queens Park Rangers,Wigan Athletic,1/21/12 00:00,0,0,0,0,0,0
Derry Shaun,Queens Park Rangers,4,Queens Park Rangers,Wolverhampton Wanderers,9/17/11 00:00,0,0,0,0,0,0
Derry Shaun,Queens Park Rangers,4,Queens Park Rangers,Wolverhampton Wanderers,2/4/12 00:00,0,0,0,0,0,0
Knight Zat,Bolton Wanderers,2,Bolton Wanderers,Arsenal,9/24/11 00:00,0,0,0,0,0,0
Knight Zat,Bolton Wanderers,2,Bolton Wanderers,Arsenal,2/1/12 00:00,0,0,0,0,0,0
Knight Zat,Bolton Wanderers,2,Bolton Wanderers,Aston Villa,12/10/11 00:00,0,0,0,0,0,0
Knight Zat,Bolton Wanderers,2,Bolton Wanderers,Blackburn Rovers,12/20/11 00:00,0,0,0,0,0,0
Knight Zat,Bolton Wanderers,2,Bolton Wanderers,Chelsea,10/2/11 00:00,0,0,0,0,0,0
Knight Zat,Bolton Wanderers,2,Bolton Wanderers,Everton,11/26/11 00:00,0,0,0,0,0,0
Knight Zat,Bolton Wanderers,2,Bolton Wanderers,Everton,1/4/12 00:00,0,0,0,0,0,0
Knight Zat,Bolton Wanderers,2,Bolton Wanderers,Fulham,12/17/11 00:00,0,0,0,0,0,0
Knight Zat,Bolton Wanderers,2,Bolton Wanderers,Liverpool,8/27/11 00:00,0,0,0,0,0,0
Knight Zat,Bolton Wanderers,2,Bolton Wanderers,Liverpool,1/21/12 00:00,0,0,0,0,0,0
Knight Zat,Bolton Wanderers,2,Bolton Wanderers,Manchester City,8/21/11 00:00,0,0,0,0,0,0
Knight Zat,Bolton Wanderers,2,Bolton Wanderers,Manchester City,3/3/12 00:00,0,0,0,0,0,0
Knight Zat,Bolton Wanderers,2,Bolton Wanderers,Manchester United,9/10/11 00:00,0,0,0,0,0,0
Knight Zat,Bolton Wanderers,2,Bolton Wanderers,Manchester United,1/14/12 00:00,0,0,0,0,0,0
Knight Zat,Bolton Wanderers,2,Bolton Wanderers,Newcastle United,12/26/11 00:00,0,0,0,0,0,0
Knight Zat,Bolton Wanderers,2,Bolton Wanderers,Norwich City,9/17/11 00:00,0,0,0,0,0,0
Knight Zat,Bolton Wanderers,2,Bolton Wanderers,Norwich City,2/4/12 00:00,0,0,0,0,0,0
Knight Zat,Bolton Wanderers,2,Bolton Wanderers,Queens Park Rangers,8/13/11 00:00,0,0,0,0,0,0
Knight Zat,Bolton Wanderers,2,Bolton Wanderers,Stoke City,11/6/11 00:00,0,0,0,0,0,0
Knight Zat,Bolton Wanderers,2,Bolton Wanderers,Stoke City,5/13/12 00:00,0,0,0,0,0,0
Knight Zat,Bolton Wanderers,2,Bolton Wanderers,Tottenham Hotspur,12/3/11 00:00,0,0,0,0,0,0
Knight Zat,Bolton Wanderers,2,Bolton Wanderers,West Bromwich Albion,5/6/12 00:00,0,0,0,0,0,0
Knight Zat,Bolton Wanderers,2,Bolton Wanderers,Wigan Athletic,2/11/12 00:00,0,0,0,0,0,0
Knight Zat,Bolton Wanderers,2,Bolton Wanderers,Wolverhampton Wanderers,12/31/11 00:00,0,0,0,0,0,0
Knight Zat,Bolton Wanderers,2,Bolton Wanderers,Wolverhampton Wanderers,3/31/12 00:00,0,0,0,0,0,0
Blake Robbie,Bolton Wanderers,4,Bolton Wanderers,Queens Park Rangers,8/13/11 00:00,0,0,0,0,0,0
Henry Thierry,Arsenal,6,Arsenal,Blackburn Rovers,2/4/12 00:00,0,0,0,0,0,0
Henry Thierry,Arsenal,6,Arsenal,Bolton Wanderers,2/1/12 00:00,0,0,0,0,0,1
Henry Thierry,Arsenal,6,Arsenal,Sunderland,2/11/12 00:00,1,0,0,0,0,0
Henry Thierry,Arsenal,6,Arsenal,Swansea City,1/15/12 00:00,0,0,0,0,0,1
Barry Gareth,Manchester City,4,Manchester City,Arsenal,12/18/11 00:00,0,0,0,0,0,0
Barry Gareth,Manchester City,4,Manchester City,Arsenal,4/8/12 00:00,0,0,0,0,0,0
Barry Gareth,Manchester City,4,Manchester City,Aston Villa,10/15/11 00:00,0,0,0,0,1,0
Barry Gareth,Manchester City,4,Manchester City,Aston Villa,2/12/12 00:00,0,0,0,0,1,0
Barry Gareth,Manchester City,4,Manchester City,Bolton Wanderers,8/21/11 00:00,1,0,0,0,0,0
Barry Gareth,Manchester City,4,Manchester City,Bolton Wanderers,3/3/12 00:00,0,0,0,0,0,0
Barry Gareth,Manchester City,4,Manchester City,Chelsea,12/12/11 00:00,0,0,0,0,0,0
Barry Gareth,Manchester City,4,Manchester City,Chelsea,3/21/12 00:00,0,0,0,0,0,0
Barry Gareth,Manchester City,4,Manchester City,Everton,9/24/11 00:00,0,0,0,0,0,0
Barry Gareth,Manchester City,4,Manchester City,Everton,1/31/12 00:00,0,0,0,0,0,0
Barry Gareth,Manchester City,4,Manchester City,Fulham,9/18/11 00:00,0,0,0,0,0,0
Barry Gareth,Manchester City,4,Manchester City,Fulham,2/4/12 00:00,0,0,0,0,0,0
Barry Gareth,Manchester City,4,Manchester City,Liverpool,11/27/11 00:00,0,0,0,0,0,0
Barry Gareth,Manchester City,4,Manchester City,Liverpool,1/3/12 00:00,0,0,0,0,0,0
Barry Gareth,Manchester City,4,Manchester City,Manchester United,10/23/11 00:00,0,0,0,0,0,0
Barry Gareth,Manchester City,4,Manchester City,Manchester United,4/30/12 00:00,0,0,0,0,0,0
Barry Gareth,Manchester City,4,Manchester City,Newcastle United,11/19/11 00:00,0,0,0,0,0,0
Barry Gareth,Manchester City,4,Manchester City,Newcastle United,5/6/12 00:00,0,0,0,0,0,1
Barry Gareth,Manchester City,4,Manchester City,Norwich City,12/3/11 00:00,0,0,0,0,0,1
Barry Gareth,Manchester City,4,Manchester City,Norwich City,4/14/12 00:00,0,0,0,0,0,0
Barry Gareth,Manchester City,4,Manchester City,Queens Park Rangers,11/5/11 00:00,0,0,0,0,0,0
Barry Gareth,Manchester City,4,Manchester City,Queens Park Rangers,5/13/12 00:00,0,0,0,0,0,0
Barry Gareth,Manchester City,4,Manchester City,Stoke City,12/21/11 00:00,0,0,0,0,0,0
Barry Gareth,Manchester City,4,Manchester City,Stoke City,3/24/12 00:00,0,0,0,0,0,0
Barry Gareth,Manchester City,4,Manchester City,Sunderland,1/1/12 00:00,0,0,0,0,0,0
Barry Gareth,Manchester City,4,Manchester City,Swansea City,8/15/11 00:00,0,0,0,0,0,0
Barry Gareth,Manchester City,4,Manchester City,Swansea City,3/11/12 00:00,0,0,0,0,0,0
Barry Gareth,Manchester City,4,Manchester City,Tottenham Hotspur,8/28/11 00:00,0,0,0,0,1,0
Barry Gareth,Manchester City,4,Manchester City,Tottenham Hotspur,1/22/12 00:00,0,0,0,0,0,0
Barry Gareth,Manchester City,4,Manchester City,West Bromwich Albion,12/26/11 00:00,0,0,0,0,0,0
Barry Gareth,Manchester City,4,Manchester City,West Bromwich Albion,4/11/12 00:00,0,0,0,0,0,0
Barry Gareth,Manchester City,4,Manchester City,Wigan Athletic,1/16/12 00:00,0,0,0,0,0,0
Barry Gareth,Manchester City,4,Manchester City,Wolverhampton Wanderers,10/29/11 00:00,0,0,0,0,0,0
Barry Gareth,Manchester City,4,Manchester City,Wolverhampton Wanderers,4/22/12 00:00,0,0,0,0,0,0
Upson Matthew,Stoke City,2,Stoke City,Arsenal,10/23/11 00:00,0,0,0,0,0,0
Upson Matthew,Stoke City,2,Stoke City,Arsenal,4/28/12 00:00,0,0,0,0,0,0
Upson Matthew,Stoke City,2,Stoke City,Bolton Wanderers,11/6/11 00:00,0,0,0,0,0,0
Upson Matthew,Stoke City,2,Stoke City,Bolton Wanderers,5/13/12 00:00,0,0,0,0,0,0
Upson Matthew,Stoke City,2,Stoke City,Chelsea,3/10/12 00:00,0,0,0,0,0,0
Upson Matthew,Stoke City,2,Stoke City,Everton,12/4/11 00:00,0,0,0,0,0,0
Upson Matthew,Stoke City,2,Stoke City,Everton,5/1/12 00:00,0,0,0,0,0,0
Upson Matthew,Stoke City,2,Stoke City,Fulham,10/15/11 00:00,0,0,0,0,0,0
Upson Matthew,Stoke City,2,Stoke City,Fulham,2/11/12 00:00,0,0,0,0,0,0
Upson Matthew,Stoke City,2,Stoke City,Liverpool,9/10/11 00:00,0,0,0,0,0,0
Upson Matthew,Stoke City,2,Stoke City,Manchester City,12/21/11 00:00,0,0,0,0,0,0
Upson Matthew,Stoke City,2,Stoke City,Newcastle United,10/31/11 00:00,0,0,0,0,0,0
Upson Matthew,Stoke City,2,Stoke City,Queens Park Rangers,5/6/12 00:00,0,0,0,0,0,0
Upson Matthew,Stoke City,2,Stoke City,Swansea City,2/26/12 00:00,1,0,0,0,0,0
Delap Rory,Stoke City,4,Stoke City,Arsenal,10/23/11 00:00,0,0,0,0,0,0
Delap Rory,Stoke City,4,Stoke City,Arsenal,4/28/12 00:00,0,0,0,0,0,0
Delap Rory,Stoke City,4,Stoke City,Aston Villa,12/26/11 00:00,0,0,0,0,0,0
Delap Rory,Stoke City,4,Stoke City,Aston Villa,4/9/12 00:00,0,0,0,0,0,0
Delap Rory,Stoke City,4,Stoke City,Blackburn Rovers,11/26/11 00:00,1,0,0,0,0,0
Delap Rory,Stoke City,4,Stoke City,Blackburn Rovers,1/2/12 00:00,0,0,0,0,0,0
Delap Rory,Stoke City,4,Stoke City,Bolton Wanderers,11/6/11 00:00,0,0,0,0,0,0
Delap Rory,Stoke City,4,Stoke City,Chelsea,8/14/11 00:00,0,0,0,0,0,0
Delap Rory,Stoke City,4,Stoke City,Everton,5/1/12 00:00,0,0,0,0,0,0
Delap Rory,Stoke City,4,Stoke City,Fulham,10/15/11 00:00,1,0,0,0,0,0
Delap Rory,Stoke City,4,Stoke City,Liverpool,9/10/11 00:00,0,0,0,0,0,0
Delap Rory,Stoke City,4,Stoke City,Liverpool,1/14/12 00:00,0,0,0,0,0,0
Delap Rory,Stoke City,4,Stoke City,Manchester United,9/24/11 00:00,0,0,0,0,0,0
Delap Rory,Stoke City,4,Stoke City,Manchester United,1/31/12 00:00,0,0,0,0,0,0
Delap Rory,Stoke City,4,Stoke City,Newcastle United,10/31/11 00:00,0,0,0,0,0,0
Delap Rory,Stoke City,4,Stoke City,Queens Park Rangers,11/19/11 00:00,0,0,0,0,0,0
Delap Rory,Stoke City,4,Stoke City,Queens Park Rangers,5/6/12 00:00,0,0,0,0,0,0
Delap Rory,Stoke City,4,Stoke City,Sunderland,9/18/11 00:00,0,0,0,0,0,0
Delap Rory,Stoke City,4,Stoke City,Sunderland,2/4/12 00:00,0,0,0,0,0,0
Delap Rory,Stoke City,4,Stoke City,Swansea City,10/2/11 00:00,0,0,0,0,0,0
Delap Rory,Stoke City,4,Stoke City,Swansea City,2/26/12 00:00,0,0,0,0,0,0
Delap Rory,Stoke City,4,Stoke City,Tottenham Hotspur,12/11/11 00:00,0,0,0,0,0,0
Delap Rory,Stoke City,4,Stoke City,Tottenham Hotspur,3/21/12 00:00,0,0,0,0,0,0
Delap Rory,Stoke City,4,Stoke City,West Bromwich Albion,1/21/12 00:00,0,0,0,0,0,0
Delap Rory,Stoke City,4,Stoke City,Wigan Athletic,12/31/11 00:00,0,0,0,0,0,0
Delap Rory,Stoke City,4,Stoke City,Wolverhampton Wanderers,4/7/12 00:00,0,0,0,0,0,0
Keane Robbie,Aston Villa,6,Aston Villa,Everton,1/14/12 00:00,0,0,0,0,0,0
Keane Robbie,Aston Villa,6,Aston Villa,Manchester City,2/12/12 00:00,0,0,0,0,0,0
Keane Robbie,Aston Villa,6,Aston Villa,Newcastle United,2/5/12 00:00,1,0,0,0,0,0
Keane Robbie,Aston Villa,6,Aston Villa,Queens Park Rangers,2/1/12 00:00,0,0,0,0,0,0
Keane Robbie,Aston Villa,6,Aston Villa,Wigan Athletic,2/25/12 00:00,0,0,0,0,0,0
Keane Robbie,Aston Villa,6,Aston Villa,Wolverhampton Wanderers,1/21/12 00:00,2,0,0,0,0,0
Terry John,Chelsea,2,Chelsea,Arsenal,10/29/11 00:00,1,0,0,0,0,1
Terry John,Chelsea,2,Chelsea,Arsenal,4/21/12 00:00,0,0,0,0,0,0
Terry John,Chelsea,2,Chelsea,Aston Villa,12/31/11 00:00,0,0,0,0,0,0
Terry John,Chelsea,2,Chelsea,Aston Villa,3/31/12 00:00,0,0,0,0,0,0
Terry John,Chelsea,2,Chelsea,Blackburn Rovers,11/5/11 00:00,0,0,0,0,0,0
Terry John,Chelsea,2,Chelsea,Blackburn Rovers,5/13/12 00:00,1,0,0,0,0,0
Terry John,Chelsea,2,Chelsea,Bolton Wanderers,10/2/11 00:00,0,0,0,0,0,0
Terry John,Chelsea,2,Chelsea,Everton,10/15/11 00:00,1,0,0,0,0,0
Terry John,Chelsea,2,Chelsea,Fulham,12/26/11 00:00,0,0,0,0,0,0
Terry John,Chelsea,2,Chelsea,Fulham,4/9/12 00:00,0,0,0,0,0,0
Terry John,Chelsea,2,Chelsea,Liverpool,11/20/11 00:00,0,0,0,0,0,0
Terry John,Chelsea,2,Chelsea,Liverpool,5/8/12 00:00,0,0,0,0,0,0
Terry John,Chelsea,2,Chelsea,Manchester City,12/12/11 00:00,0,0,0,0,0,0
Terry John,Chelsea,2,Chelsea,Manchester United,9/18/11 00:00,0,0,0,0,0,0
Terry John,Chelsea,2,Chelsea,Newcastle United,12/3/11 00:00,0,0,0,0,0,0
Terry John,Chelsea,2,Chelsea,Newcastle United,5/2/12 00:00,0,0,0,0,0,0
Terry John,Chelsea,2,Chelsea,Norwich City,8/27/11 00:00,0,0,0,0,0,0
Terry John,Chelsea,2,Chelsea,Norwich City,1/21/12 00:00,0,0,0,0,0,0
Terry John,Chelsea,2,Chelsea,Queens Park Rangers,10/23/11 00:00,0,0,0,0,0,0
Terry John,Chelsea,2,Chelsea,Queens Park Rangers,4/29/12 00:00,1,0,0,0,0,1
Terry John,Chelsea,2,Chelsea,Stoke City,8/14/11 00:00,0,0,0,0,0,0
Terry John,Chelsea,2,Chelsea,Stoke City,3/10/12 00:00,0,0,0,0,0,0
Terry John,Chelsea,2,Chelsea,Sunderland,9/10/11 00:00,1,0,0,0,0,0
Terry John,Chelsea,2,Chelsea,Sunderland,1/14/12 00:00,0,0,0,0,0,0
Terry John,Chelsea,2,Chelsea,Swansea City,9/24/11 00:00,0,0,0,0,0,0
Terry John,Chelsea,2,Chelsea,Tottenham Hotspur,12/22/11 00:00,0,0,0,0,0,0
Terry John,Chelsea,2,Chelsea,Tottenham Hotspur,3/24/12 00:00,0,0,0,0,0,0
Terry John,Chelsea,2,Chelsea,West Bromwich Albion,8/20/11 00:00,0,0,0,0,0,0
Terry John,Chelsea,2,Chelsea,Wigan Athletic,12/17/11 00:00,0,0,0,0,0,0
Terry John,Chelsea,2,Chelsea,Wolverhampton Wanderers,11/26/11 00:00,1,0,0,0,0,0
Terry John,Chelsea,2,Chelsea,Wolverhampton Wanderers,1/2/12 00:00,0,0,0,0,1,0
Dunne Richard,Aston Villa,2,Aston Villa,Arsenal,12/21/11 00:00,0,0,0,0,0,0
Dunne Richard,Aston Villa,2,Aston Villa,Blackburn Rovers,8/20/11 00:00,0,0,0,0,0,0
Dunne Richard,Aston Villa,2,Aston Villa,Bolton Wanderers,12/10/11 00:00,0,0,0,0,0,0
Dunne Richard,Aston Villa,2,Aston Villa,Chelsea,12/31/11 00:00,0,0,0,0,0,0
Dunne Richard,Aston Villa,2,Aston Villa,Everton,9/10/11 00:00,0,0,0,0,0,0
Dunne Richard,Aston Villa,2,Aston Villa,Everton,1/14/12 00:00,0,0,0,0,0,0
Dunne Richard,Aston Villa,2,Aston Villa,Fulham,8/13/11 00:00,0,0,0,0,0,0
Dunne Richard,Aston Villa,2,Aston Villa,Liverpool,12/18/11 00:00,0,0,0,0,0,0
Dunne Richard,Aston Villa,2,Aston Villa,Manchester City,10/15/11 00:00,0,0,0,0,0,0
Dunne Richard,Aston Villa,2,Aston Villa,Manchester City,2/12/12 00:00,0,0,0,0,0,0
Dunne Richard,Aston Villa,2,Aston Villa,Manchester United,12/3/11 00:00,0,0,0,0,0,0
Dunne Richard,Aston Villa,2,Aston Villa,Newcastle United,9/17/11 00:00,0,0,0,0,0,0
Dunne Richard,Aston Villa,2,Aston Villa,Newcastle United,2/5/12 00:00,0,0,0,0,0,0
Dunne Richard,Aston Villa,2,Aston Villa,Norwich City,11/5/11 00:00,0,0,0,0,0,0
Dunne Richard,Aston Villa,2,Aston Villa,Norwich City,5/13/12 00:00,0,0,0,0,0,0
Dunne Richard,Aston Villa,2,Aston Villa,Queens Park Rangers,9/25/11 00:00,0,0,0,0,0,0
Dunne Richard,Aston Villa,2,Aston Villa,Queens Park Rangers,2/1/12 00:00,0,0,0,0,0,0
Dunne Richard,Aston Villa,2,Aston Villa,Stoke City,12/26/11 00:00,0,0,0,0,0,0
Dunne Richard,Aston Villa,2,Aston Villa,Sunderland,10/29/11 00:00,1,0,0,0,0,0
Dunne Richard,Aston Villa,2,Aston Villa,Swansea City,11/27/11 00:00,0,0,0,0,0,0
Dunne Richard,Aston Villa,2,Aston Villa,Swansea City,1/2/12 00:00,0,0,0,0,0,0
Dunne Richard,Aston Villa,2,Aston Villa,Tottenham Hotspur,11/21/11 00:00,0,0,0,0,0,0
Dunne Richard,Aston Villa,2,Aston Villa,Tottenham Hotspur,5/6/12 00:00,0,0,0,0,0,0
Dunne Richard,Aston Villa,2,Aston Villa,West Bromwich Albion,10/22/11 00:00,0,0,0,0,0,0
Dunne Richard,Aston Villa,2,Aston Villa,West Bromwich Albion,4/28/12 00:00,0,0,0,0,0,0
Dunne Richard,Aston Villa,2,Aston Villa,Wigan Athletic,10/1/11 00:00,0,0,0,0,0,0
Dunne Richard,Aston Villa,2,Aston Villa,Wolverhampton Wanderers,8/27/11 00:00,0,0,0,0,0,0
Dunne Richard,Aston Villa,2,Aston Villa,Wolverhampton Wanderers,1/21/12 00:00,0,0,0,0,0,0
Heskey Emile,Aston Villa,6,Aston Villa,Arsenal,3/24/12 00:00,0,0,0,0,0,0
Heskey Emile,Aston Villa,6,Aston Villa,Blackburn Rovers,8/20/11 00:00,1,0,0,0,0,0
Heskey Emile,Aston Villa,6,Aston Villa,Bolton Wanderers,12/10/11 00:00,0,0,0,0,0,0
Heskey Emile,Aston Villa,6,Aston Villa,Bolton Wanderers,4/24/12 00:00,0,0,0,0,0,3
Heskey Emile,Aston Villa,6,Aston Villa,Chelsea,3/31/12 00:00,0,0,0,0,0,0
Heskey Emile,Aston Villa,6,Aston Villa,Everton,9/10/11 00:00,0,0,0,0,0,0
Heskey Emile,Aston Villa,6,Aston Villa,Fulham,8/13/11 00:00,0,0,0,0,0,0
Heskey Emile,Aston Villa,6,Aston Villa,Liverpool,12/18/11 00:00,0,0,0,0,0,0
Heskey Emile,Aston Villa,6,Aston Villa,Liverpool,4/7/12 00:00,0,0,0,0,0,0
Heskey Emile,Aston Villa,6,Aston Villa,Manchester City,10/15/11 00:00,0,0,0,0,0,0
Heskey Emile,Aston Villa,6,Aston Villa,Manchester City,2/12/12 00:00,0,0,0,0,0,0
Heskey Emile,Aston Villa,6,Aston Villa,Manchester United,12/3/11 00:00,0,0,0,0,0,0
Heskey Emile,Aston Villa,6,Aston Villa,Manchester United,4/15/12 00:00,0,0,0,0,0,0
Heskey Emile,Aston Villa,6,Aston Villa,Newcastle United,2/5/12 00:00,0,0,0,0,0,0
Heskey Emile,Aston Villa,6,Aston Villa,Norwich City,11/5/11 00:00,0,0,0,0,0,0
Heskey Emile,Aston Villa,6,Aston Villa,Norwich City,5/13/12 00:00,0,0,0,0,0,1
Heskey Emile,Aston Villa,6,Aston Villa,Stoke City,12/26/11 00:00,0,0,0,0,0,0
Heskey Emile,Aston Villa,6,Aston Villa,Stoke City,4/9/12 00:00,0,0,0,0,0,0
Heskey Emile,Aston Villa,6,Aston Villa,Sunderland,10/29/11 00:00,0,0,0,0,0,0
Heskey Emile,Aston Villa,6,Aston Villa,Sunderland,4/21/12 00:00,0,0,0,0,0,0
Heskey Emile,Aston Villa,6,Aston Villa,Swansea City,11/27/11 00:00,0,0,0,0,0,1
Heskey Emile,Aston Villa,6,Aston Villa,Tottenham Hotspur,11/21/11 00:00,0,0,0,0,0,0
Heskey Emile,Aston Villa,6,Aston Villa,Tottenham Hotspur,5/6/12 00:00,0,0,0,0,0,0
Heskey Emile,Aston Villa,6,Aston Villa,West Bromwich Albion,10/22/11 00:00,0,0,0,0,0,0
Heskey Emile,Aston Villa,6,Aston Villa,West Bromwich Albion,4/28/12 00:00,0,0,0,0,0,2
Heskey Emile,Aston Villa,6,Aston Villa,Wigan Athletic,10/1/11 00:00,0,0,0,0,0,1
Heskey Emile,Aston Villa,6,Aston Villa,Wigan Athletic,2/25/12 00:00,0,0,0,0,0,0
Heskey Emile,Aston Villa,6,Aston Villa,Wolverhampton Wanderers,8/27/11 00:00,0,0,0,0,0,0
Owen Michael,Manchester United,6,Manchester United,Stoke City,9/24/11 00:00,0,0,0,0,0,2
Robinson Paul,Blackburn Rovers,1,Blackburn Rovers,Arsenal,9/17/11 00:00,0,5,0,0,0,0
Robinson Paul,Blackburn Rovers,1,Blackburn Rovers,Arsenal,2/4/12 00:00,0,1,0,0,0,0
Robinson Paul,Blackburn Rovers,1,Blackburn Rovers,Aston Villa,8/20/11 00:00,0,2,0,0,0,0
Robinson Paul,Blackburn Rovers,1,Blackburn Rovers,Aston Villa,3/3/12 00:00,0,4,0,0,0,0
Robinson Paul,Blackburn Rovers,1,Blackburn Rovers,Bolton Wanderers,12/20/11 00:00,0,0,0,0,0,0
Robinson Paul,Blackburn Rovers,1,Blackburn Rovers,Bolton Wanderers,3/24/12 00:00,0,2,0,0,0,0
Robinson Paul,Blackburn Rovers,1,Blackburn Rovers,Chelsea,11/5/11 00:00,0,4,0,0,0,0
Robinson Paul,Blackburn Rovers,1,Blackburn Rovers,Everton,8/27/11 00:00,0,2,0,0,0,0
Robinson Paul,Blackburn Rovers,1,Blackburn Rovers,Everton,1/21/12 00:00,0,4,0,0,0,0
Robinson Paul,Blackburn Rovers,1,Blackburn Rovers,Fulham,9/11/11 00:00,0,2,0,0,0,0
Robinson Paul,Blackburn Rovers,1,Blackburn Rovers,Fulham,1/14/12 00:00,0,4,0,0,0,0
Robinson Paul,Blackburn Rovers,1,Blackburn Rovers,Liverpool,4/10/12 00:00,0,2,0,0,0,0
Robinson Paul,Blackburn Rovers,1,Blackburn Rovers,Manchester City,10/1/11 00:00,0,3,0,0,0,0
Robinson Paul,Blackburn Rovers,1,Blackburn Rovers,Manchester City,2/25/12 00:00,0,6,0,0,0,0
Robinson Paul,Blackburn Rovers,1,Blackburn Rovers,Manchester United,4/2/12 00:00,0,3,0,0,0,0
Robinson Paul,Blackburn Rovers,1,Blackburn Rovers,Newcastle United,9/24/11 00:00,0,1,0,0,0,0
Robinson Paul,Blackburn Rovers,1,Blackburn Rovers,Newcastle United,2/1/12 00:00,0,2,0,0,0,0
Robinson Paul,Blackburn Rovers,1,Blackburn Rovers,Norwich City,10/29/11 00:00,0,3,0,0,0,0
Robinson Paul,Blackburn Rovers,1,Blackburn Rovers,Norwich City,4/21/12 00:00,0,3,0,0,0,0
Robinson Paul,Blackburn Rovers,1,Blackburn Rovers,Queens Park Rangers,10/15/11 00:00,0,2,0,0,0,0
Robinson Paul,Blackburn Rovers,1,Blackburn Rovers,Queens Park Rangers,2/11/12 00:00,0,5,0,0,0,0
Robinson Paul,Blackburn Rovers,1,Blackburn Rovers,Stoke City,11/26/11 00:00,0,0,0,0,0,0
Robinson Paul,Blackburn Rovers,1,Blackburn Rovers,Sunderland,12/11/11 00:00,0,3,0,0,0,0
Robinson Paul,Blackburn Rovers,1,Blackburn Rovers,Sunderland,3/20/12 00:00,0,1,0,0,0,0
Robinson Paul,Blackburn Rovers,1,Blackburn Rovers,Swansea City,12/3/11 00:00,0,1,0,0,0,0
Robinson Paul,Blackburn Rovers,1,Blackburn Rovers,Swansea City,4/14/12 00:00,0,6,0,0,0,0
Robinson Paul,Blackburn Rovers,1,Blackburn Rovers,Tottenham Hotspur,10/23/11 00:00,0,4,0,0,0,0
Robinson Paul,Blackburn Rovers,1,Blackburn Rovers,Tottenham Hotspur,4/29/12 00:00,0,2,0,0,0,0
Robinson Paul,Blackburn Rovers,1,Blackburn Rovers,West Bromwich Albion,12/17/11 00:00,0,2,0,0,0,0
Robinson Paul,Blackburn Rovers,1,Blackburn Rovers,West Bromwich Albion,4/7/12 00:00,0,3,0,0,0,0
Robinson Paul,Blackburn Rovers,1,Blackburn Rovers,Wigan Athletic,11/19/11 00:00,0,3,0,0,0,0
Robinson Paul,Blackburn Rovers,1,Blackburn Rovers,Wigan Athletic,5/7/12 00:00,0,5,0,0,0,0
Robinson Paul,Blackburn Rovers,1,Blackburn Rovers,Wolverhampton Wanderers,8/13/11 00:00,0,2,0,0,0,0
Robinson Paul,Blackburn Rovers,1,Blackburn Rovers,Wolverhampton Wanderers,3/10/12 00:00,0,3,0,0,0,0
Friedel Brad,Tottenham Hotspur,1,Tottenham Hotspur,Arsenal,10/2/11 00:00,0,4,0,0,0,0
Friedel Brad,Tottenham Hotspur,1,Tottenham Hotspur,Arsenal,2/26/12 00:00,0,3,0,0,0,0
Friedel Brad,Tottenham Hotspur,1,Tottenham Hotspur,Aston Villa,11/21/11 00:00,0,1,0,0,0,0
Friedel Brad,Tottenham Hotspur,1,Tottenham Hotspur,Aston Villa,5/6/12 00:00,0,0,0,0,0,0
Friedel Brad,Tottenham Hotspur,1,Tottenham Hotspur,Blackburn Rovers,10/23/11 00:00,0,3,0,0,0,0
Friedel Brad,Tottenham Hotspur,1,Tottenham Hotspur,Blackburn Rovers,4/29/12 00:00,0,0,0,0,0,0
Friedel Brad,Tottenham Hotspur,1,Tottenham Hotspur,Bolton Wanderers,12/3/11 00:00,0,4,0,0,0,0
Friedel Brad,Tottenham Hotspur,1,Tottenham Hotspur,Bolton Wanderers,5/2/12 00:00,0,4,0,0,0,0
Friedel Brad,Tottenham Hotspur,1,Tottenham Hotspur,Chelsea,12/22/11 00:00,0,6,0,0,0,0
Friedel Brad,Tottenham Hotspur,1,Tottenham Hotspur,Chelsea,3/24/12 00:00,0,2,0,0,0,0
Friedel Brad,Tottenham Hotspur,1,Tottenham Hotspur,Everton,1/11/12 00:00,0,0,0,0,0,0
Friedel Brad,Tottenham Hotspur,1,Tottenham Hotspur,Everton,3/10/12 00:00,0,4,0,0,0,0
Friedel Brad,Tottenham Hotspur,1,Tottenham Hotspur,Fulham,11/6/11 00:00,0,11,0,0,0,0
Friedel Brad,Tottenham Hotspur,1,Tottenham Hotspur,Fulham,5/13/12 00:00,0,5,0,0,0,0
Friedel Brad,Tottenham Hotspur,1,Tottenham Hotspur,Liverpool,9/18/11 00:00,0,1,0,0,0,0
Friedel Brad,Tottenham Hotspur,1,Tottenham Hotspur,Liverpool,2/6/12 00:00,0,4,0,0,0,0
Friedel Brad,Tottenham Hotspur,1,Tottenham Hotspur,Manchester City,8/28/11 00:00,0,4,0,0,0,0
Friedel Brad,Tottenham Hotspur,1,Tottenham Hotspur,Manchester City,1/22/12 00:00,0,1,0,0,0,0
Friedel Brad,Tottenham Hotspur,1,Tottenham Hotspur,Manchester United,8/22/11 00:00,0,11,0,0,0,0
Friedel Brad,Tottenham Hotspur,1,Tottenham Hotspur,Manchester United,3/4/12 00:00,0,2,0,0,0,0
Friedel Brad,Tottenham Hotspur,1,Tottenham Hotspur,Newcastle United,10/16/11 00:00,0,4,0,0,0,0
Friedel Brad,Tottenham Hotspur,1,Tottenham Hotspur,Newcastle United,2/11/12 00:00,0,2,0,0,0,0
Friedel Brad,Tottenham Hotspur,1,Tottenham Hotspur,Norwich City,12/27/11 00:00,0,2,0,0,0,0
Friedel Brad,Tottenham Hotspur,1,Tottenham Hotspur,Norwich City,4/9/12 00:00,0,2,0,0,0,0
Friedel Brad,Tottenham Hotspur,1,Tottenham Hotspur,Queens Park Rangers,10/30/11 00:00,0,1,0,0,0,0
Friedel Brad,Tottenham Hotspur,1,Tottenham Hotspur,Queens Park Rangers,4/21/12 00:00,0,2,0,0,0,0
Friedel Brad,Tottenham Hotspur,1,Tottenham Hotspur,Stoke City,12/11/11 00:00,0,4,0,0,0,0
Friedel Brad,Tottenham Hotspur,1,Tottenham Hotspur,Stoke City,3/21/12 00:00,0,1,0,0,0,0
Friedel Brad,Tottenham Hotspur,1,Tottenham Hotspur,Sunderland,12/18/11 00:00,0,4,0,0,0,0
Friedel Brad,Tottenham Hotspur,1,Tottenham Hotspur,Sunderland,4/7/12 00:00,0,3,0,0,0,0
Friedel Brad,Tottenham Hotspur,1,Tottenham Hotspur,Swansea City,12/31/11 00:00,0,2,0,0,0,0
Friedel Brad,Tottenham Hotspur,1,Tottenham Hotspur,Swansea City,4/1/12 00:00,0,1,0,0,0,0
Friedel Brad,Tottenham Hotspur,1,Tottenham Hotspur,West Bromwich Albion,11/26/11 00:00,0,4,0,0,0,0
Friedel Brad,Tottenham Hotspur,1,Tottenham Hotspur,West Bromwich Albion,1/3/12 00:00,0,1,0,0,0,0
Friedel Brad,Tottenham Hotspur,1,Tottenham Hotspur,Wigan Athletic,9/24/11 00:00,0,2,0,0,0,0
Friedel Brad,Tottenham Hotspur,1,Tottenham Hotspur,Wigan Athletic,1/31/12 00:00,0,2,0,0,0,0
Friedel Brad,Tottenham Hotspur,1,Tottenham Hotspur,Wolverhampton Wanderers,9/10/11 00:00,0,5,0,0,0,0
Friedel Brad,Tottenham Hotspur,1,Tottenham Hotspur,Wolverhampton Wanderers,1/14/12 00:00,0,2,0,0,0,0
Carragher Jamie,Liverpool,2,Liverpool,Arsenal,8/20/11 00:00,0,0,0,0,0,0
Carragher Jamie,Liverpool,2,Liverpool,Arsenal,3/3/12 00:00,0,0,0,0,0,0
Carragher Jamie,Liverpool,2,Liverpool,Aston Villa,12/18/11 00:00,0,0,0,0,0,0
Carragher Jamie,Liverpool,2,Liverpool,Aston Villa,4/7/12 00:00,0,0,0,0,0,0
Carragher Jamie,Liverpool,2,Liverpool,Bolton Wanderers,8/27/11 00:00,0,0,0,0,0,0
Carragher Jamie,Liverpool,2,Liverpool,Chelsea,5/8/12 00:00,0,0,0,0,0,0
Carragher Jamie,Liverpool,2,Liverpool,Everton,10/1/11 00:00,0,0,0,0,0,0
Carragher Jamie,Liverpool,2,Liverpool,Everton,3/13/12 00:00,0,0,0,0,0,0
Carragher Jamie,Liverpool,2,Liverpool,Manchester United,10/15/11 00:00,0,0,0,0,0,0
Carragher Jamie,Liverpool,2,Liverpool,Newcastle United,4/1/12 00:00,0,0,0,0,0,0
Carragher Jamie,Liverpool,2,Liverpool,Norwich City,10/22/11 00:00,0,0,0,0,0,0
Carragher Jamie,Liverpool,2,Liverpool,Norwich City,4/28/12 00:00,0,0,0,0,0,0
Carragher Jamie,Liverpool,2,Liverpool,Queens Park Rangers,3/21/12 00:00,0,0,0,0,0,0
Carragher Jamie,Liverpool,2,Liverpool,Stoke City,9/10/11 00:00,0,0,0,0,0,0
Carragher Jamie,Liverpool,2,Liverpool,Stoke City,1/14/12 00:00,0,0,0,0,0,0
Carragher Jamie,Liverpool,2,Liverpool,Sunderland,8/13/11 00:00,0,0,0,0,0,0
Carragher Jamie,Liverpool,2,Liverpool,Swansea City,5/13/12 00:00,0,0,0,0,0,0
Carragher Jamie,Liverpool,2,Liverpool,Tottenham Hotspur,9/18/11 00:00,0,0,0,0,0,0
Carragher Jamie,Liverpool,2,Liverpool,Wigan Athletic,3/24/12 00:00,0,0,0,0,0,0
Carragher Jamie,Liverpool,2,Liverpool,Wolverhampton Wanderers,9/24/11 00:00,0,0,0,0,0,0
Carragher Jamie,Liverpool,2,Liverpool,Wolverhampton Wanderers,1/31/12 00:00,0,0,0,0,0,0
Murphy Danny,Fulham,4,Fulham,Arsenal,11/26/11 00:00,0,0,0,0,0,0
Murphy Danny,Fulham,4,Fulham,Arsenal,1/2/12 00:00,0,0,0,0,0,0
Murphy Danny,Fulham,4,Fulham,Aston Villa,8/13/11 00:00,0,0,0,0,0,0
Murphy Danny,Fulham,4,Fulham,Aston Villa,3/10/12 00:00,0,0,0,0,0,0
Murphy Danny,Fulham,4,Fulham,Blackburn Rovers,9/11/11 00:00,0,0,0,0,1,0
Murphy Danny,Fulham,4,Fulham,Blackburn Rovers,1/14/12 00:00,0,0,0,0,1,0
Murphy Danny,Fulham,4,Fulham,Bolton Wanderers,12/17/11 00:00,0,0,0,0,0,0
Murphy Danny,Fulham,4,Fulham,Chelsea,12/26/11 00:00,0,0,0,0,0,0
Murphy Danny,Fulham,4,Fulham,Chelsea,4/9/12 00:00,0,0,0,0,0,0
Murphy Danny,Fulham,4,Fulham,Everton,10/23/11 00:00,0,0,0,0,0,0
Murphy Danny,Fulham,4,Fulham,Everton,4/28/12 00:00,0,0,0,0,0,0
Murphy Danny,Fulham,4,Fulham,Liverpool,12/5/11 00:00,0,0,0,0,0,0
Murphy Danny,Fulham,4,Fulham,Liverpool,5/1/12 00:00,0,0,0,0,0,0
Murphy Danny,Fulham,4,Fulham,Manchester City,9/18/11 00:00,0,0,0,0,0,0
Murphy Danny,Fulham,4,Fulham,Manchester City,2/4/12 00:00,0,0,0,0,0,1
Murphy Danny,Fulham,4,Fulham,Manchester United,12/21/11 00:00,0,0,0,0,0,0
Murphy Danny,Fulham,4,Fulham,Manchester United,3/26/12 00:00,0,0,0,0,0,0
Murphy Danny,Fulham,4,Fulham,Newcastle United,8/28/11 00:00,0,0,0,0,1,0
Murphy Danny,Fulham,4,Fulham,Newcastle United,1/21/12 00:00,1,0,1,0,0,0
Murphy Danny,Fulham,4,Fulham,Norwich City,12/31/11 00:00,0,0,0,0,0,0
Murphy Danny,Fulham,4,Fulham,Norwich City,3/31/12 00:00,0,0,0,0,0,0
Murphy Danny,Fulham,4,Fulham,Queens Park Rangers,10/2/11 00:00,1,0,1,0,1,0
Murphy Danny,Fulham,4,Fulham,Queens Park Rangers,2/25/12 00:00,0,0,0,0,0,0
Murphy Danny,Fulham,4,Fulham,Stoke City,10/15/11 00:00,0,0,0,0,0,0
Murphy Danny,Fulham,4,Fulham,Stoke City,2/11/12 00:00,0,0,0,0,0,0
Murphy Danny,Fulham,4,Fulham,Sunderland,11/19/11 00:00,0,0,0,0,0,0
Murphy Danny,Fulham,4,Fulham,Sunderland,5/6/12 00:00,0,0,0,0,0,0
Murphy Danny,Fulham,4,Fulham,Swansea City,3/17/12 00:00,0,0,0,0,0,0
Murphy Danny,Fulham,4,Fulham,Tottenham Hotspur,11/6/11 00:00,0,0,0,0,0,0
Murphy Danny,Fulham,4,Fulham,Tottenham Hotspur,5/13/12 00:00,0,0,0,0,0,0
Murphy Danny,Fulham,4,Fulham,West Bromwich Albion,9/24/11 00:00,0,0,0,0,0,0
Murphy Danny,Fulham,4,Fulham,West Bromwich Albion,2/1/12 00:00,0,0,0,0,0,0
Murphy Danny,Fulham,4,Fulham,Wigan Athletic,10/29/11 00:00,0,0,0,0,0,0
Murphy Danny,Fulham,4,Fulham,Wigan Athletic,4/21/12 00:00,0,0,0,0,0,0
Murphy Danny,Fulham,4,Fulham,Wolverhampton Wanderers,8/21/11 00:00,0,0,0,0,0,0
Murphy Danny,Fulham,4,Fulham,Wolverhampton Wanderers,3/4/12 00:00,0,0,0,0,1,0
Gerrard Steven,Liverpool,4,Liverpool,Aston Villa,4/7/12 00:00,0,0,0,0,0,1
Gerrard Steven,Liverpool,4,Liverpool,Blackburn Rovers,12/26/11 00:00,0,0,0,0,0,0
Gerrard Steven,Liverpool,4,Liverpool,Bolton Wanderers,1/21/12 00:00,0,0,0,0,0,0
Gerrard Steven,Liverpool,4,Liverpool,Everton,10/1/11 00:00,0,0,0,0,0,0
Gerrard Steven,Liverpool,4,Liverpool,Everton,3/13/12 00:00,3,0,0,0,0,0
Gerrard Steven,Liverpool,4,Liverpool,Manchester City,1/3/12 00:00,0,0,0,0,0,0
Gerrard Steven,Liverpool,4,Liverpool,Manchester United,10/15/11 00:00,1,0,0,0,0,0
Gerrard Steven,Liverpool,4,Liverpool,Manchester United,2/11/12 00:00,0,0,0,0,0,0
Gerrard Steven,Liverpool,4,Liverpool,Newcastle United,12/30/11 00:00,1,0,0,0,0,0
Gerrard Steven,Liverpool,4,Liverpool,Newcastle United,4/1/12 00:00,0,0,0,0,0,1
Gerrard Steven,Liverpool,4,Liverpool,Norwich City,10/22/11 00:00,0,0,0,0,0,1
Gerrard Steven,Liverpool,4,Liverpool,Norwich City,4/28/12 00:00,0,0,0,0,1,0
Gerrard Steven,Liverpool,4,Liverpool,Queens Park Rangers,3/21/12 00:00,0,0,0,0,0,1
Gerrard Steven,Liverpool,4,Liverpool,Stoke City,1/14/12 00:00,0,0,0,0,0,0
Gerrard Steven,Liverpool,4,Liverpool,Sunderland,3/10/12 00:00,0,0,0,0,0,0
Gerrard Steven,Liverpool,4,Liverpool,Tottenham Hotspur,2/6/12 00:00,0,0,0,0,0,0
Gerrard Steven,Liverpool,4,Liverpool,Wigan Athletic,3/24/12 00:00,0,0,0,0,1,0
Gerrard Steven,Liverpool,4,Liverpool,Wolverhampton Wanderers,9/24/11 00:00,0,0,0,0,0,0
Neville Philip,Everton,4,Everton,Arsenal,12/10/11 00:00,0,0,0,0,0,0
Neville Philip,Everton,4,Everton,Aston Villa,1/14/12 00:00,0,0,0,0,0,0
Neville Philip,Everton,4,Everton,Blackburn Rovers,8/27/11 00:00,0,0,0,0,0,0
Neville Philip,Everton,4,Everton,Blackburn Rovers,1/21/12 00:00,0,0,0,0,0,0
Neville Philip,Everton,4,Everton,Bolton Wanderers,1/4/12 00:00,0,0,0,0,0,0
Neville Philip,Everton,4,Everton,Chelsea,10/15/11 00:00,0,0,0,0,0,0
Neville Philip,Everton,4,Everton,Chelsea,2/11/12 00:00,0,0,0,0,0,0
Neville Philip,Everton,4,Everton,Fulham,10/23/11 00:00,0,0,0,0,0,0
Neville Philip,Everton,4,Everton,Fulham,4/28/12 00:00,0,0,0,0,0,0
Neville Philip,Everton,4,Everton,Liverpool,10/1/11 00:00,0,0,0,0,0,0
Neville Philip,Everton,4,Everton,Manchester City,9/24/11 00:00,0,0,0,0,0,0
Neville Philip,Everton,4,Everton,Manchester City,1/31/12 00:00,0,0,0,0,0,0
Neville Philip,Everton,4,Everton,Manchester United,4/22/12 00:00,0,0,0,0,0,0
Neville Philip,Everton,4,Everton,Newcastle United,11/5/11 00:00,0,0,0,0,0,0
Neville Philip,Everton,4,Everton,Newcastle United,5/13/12 00:00,0,0,0,0,0,0
Neville Philip,Everton,4,Everton,Norwich City,12/17/11 00:00,0,0,0,0,0,0
Neville Philip,Everton,4,Everton,Norwich City,4/7/12 00:00,0,0,0,0,0,0
Neville Philip,Everton,4,Everton,Queens Park Rangers,8/20/11 00:00,0,0,0,0,0,0
Neville Philip,Everton,4,Everton,Queens Park Rangers,3/3/12 00:00,0,0,0,0,0,0
Neville Philip,Everton,4,Everton,Sunderland,12/26/11 00:00,0,0,0,0,0,0
Neville Philip,Everton,4,Everton,Sunderland,4/9/12 00:00,0,0,0,0,0,0
Neville Philip,Everton,4,Everton,Swansea City,12/21/11 00:00,0,0,0,0,0,0
Neville Philip,Everton,4,Everton,Swansea City,3/24/12 00:00,0,0,0,0,0,0
Neville Philip,Everton,4,Everton,Tottenham Hotspur,1/11/12 00:00,0,0,0,0,0,0
Neville Philip,Everton,4,Everton,Tottenham Hotspur,3/10/12 00:00,0,0,0,0,0,0
Neville Philip,Everton,4,Everton,West Bromwich Albion,1/1/12 00:00,0,0,0,0,0,0
Neville Philip,Everton,4,Everton,Wigan Athletic,2/4/12 00:00,0,0,0,0,0,0
Given Shay,Aston Villa,1,Aston Villa,Arsenal,3/24/12 00:00,0,4,0,0,0,0
Given Shay,Aston Villa,1,Aston Villa,Blackburn Rovers,8/20/11 00:00,0,1,0,0,0,0
Given Shay,Aston Villa,1,Aston Villa,Blackburn Rovers,3/3/12 00:00,0,3,0,0,0,0
Given Shay,Aston Villa,1,Aston Villa,Bolton Wanderers,4/24/12 00:00,0,4,0,0,0,0
Given Shay,Aston Villa,1,Aston Villa,Chelsea,3/31/12 00:00,0,2,0,0,0,0
Given Shay,Aston Villa,1,Aston Villa,Everton,9/10/11 00:00,0,5,0,0,0,0
Given Shay,Aston Villa,1,Aston Villa,Everton,1/14/12 00:00,0,3,0,0,0,0
Given Shay,Aston Villa,1,Aston Villa,Fulham,8/13/11 00:00,0,5,0,0,0,0
Given Shay,Aston Villa,1,Aston Villa,Fulham,3/10/12 00:00,0,1,0,0,0,0
Given Shay,Aston Villa,1,Aston Villa,Liverpool,4/7/12 00:00,0,4,0,0,0,0
Given Shay,Aston Villa,1,Aston Villa,Manchester City,10/15/11 00:00,0,4,0,0,0,0
Given Shay,Aston Villa,1,Aston Villa,Manchester City,2/12/12 00:00,0,6,0,0,0,0
Given Shay,Aston Villa,1,Aston Villa,Manchester United,12/3/11 00:00,0,1,0,0,0,0
Given Shay,Aston Villa,1,Aston Villa,Manchester United,4/15/12 00:00,0,5,0,0,0,0
Given Shay,Aston Villa,1,Aston Villa,Newcastle United,9/17/11 00:00,0,5,0,0,0,0
Given Shay,Aston Villa,1,Aston Villa,Newcastle United,2/5/12 00:00,0,1,0,0,0,0
Given Shay,Aston Villa,1,Aston Villa,Norwich City,11/5/11 00:00,0,5,0,0,0,0
Given Shay,Aston Villa,1,Aston Villa,Norwich City,5/13/12 00:00,0,6,0,0,0,0
Given Shay,Aston Villa,1,Aston Villa,Queens Park Rangers,9/25/11 00:00,0,2,0,0,0,0
Given Shay,Aston Villa,1,Aston Villa,Queens Park Rangers,2/1/12 00:00,0,2,0,0,0,0
Given Shay,Aston Villa,1,Aston Villa,Stoke City,4/9/12 00:00,0,1,0,0,0,0
Given Shay,Aston Villa,1,Aston Villa,Sunderland,10/29/11 00:00,0,2,0,0,0,0
Given Shay,Aston Villa,1,Aston Villa,Sunderland,4/21/12 00:00,0,2,0,0,0,0
Given Shay,Aston Villa,1,Aston Villa,Swansea City,11/27/11 00:00,0,1,0,0,0,0
Given Shay,Aston Villa,1,Aston Villa,Tottenham Hotspur,11/21/11 00:00,0,4,0,0,0,0
Given Shay,Aston Villa,1,Aston Villa,Tottenham Hotspur,5/6/12 00:00,0,3,0,0,0,0
Given Shay,Aston Villa,1,Aston Villa,West Bromwich Albion,10/22/11 00:00,0,2,0,0,0,0
Given Shay,Aston Villa,1,Aston Villa,West Bromwich Albion,4/28/12 00:00,0,2,0,0,0,0
Given Shay,Aston Villa,1,Aston Villa,Wigan Athletic,10/1/11 00:00,0,4,0,0,0,0
Given Shay,Aston Villa,1,Aston Villa,Wigan Athletic,2/25/12 00:00,0,2,0,0,0,0
Given Shay,Aston Villa,1,Aston Villa,Wolverhampton Wanderers,8/27/11 00:00,0,2,0,0,0,0
Given Shay,Aston Villa,1,Aston Villa,Wolverhampton Wanderers,1/21/12 00:00,0,3,0,0,0,0
Schwarzer Mark,Fulham,1,Fulham,Arsenal,11/26/11 00:00,0,7,0,0,0,0
Schwarzer Mark,Fulham,1,Fulham,Aston Villa,8/13/11 00:00,0,1,0,0,0,0
Schwarzer Mark,Fulham,1,Fulham,Aston Villa,3/10/12 00:00,0,5,0,0,0,0
Schwarzer Mark,Fulham,1,Fulham,Blackburn Rovers,9/11/11 00:00,0,2,0,0,0,0
Schwarzer Mark,Fulham,1,Fulham,Bolton Wanderers,4/7/12 00:00,0,1,0,0,0,0
Schwarzer Mark,Fulham,1,Fulham,Chelsea,4/9/12 00:00,0,2,0,0,0,0
Schwarzer Mark,Fulham,1,Fulham,Everton,10/23/11 00:00,0,2,0,0,0,0
Schwarzer Mark,Fulham,1,Fulham,Everton,4/28/12 00:00,0,3,0,0,0,0
Schwarzer Mark,Fulham,1,Fulham,Liverpool,12/5/11 00:00,0,6,0,0,0,0
Schwarzer Mark,Fulham,1,Fulham,Liverpool,5/1/12 00:00,0,3,0,0,0,0
Schwarzer Mark,Fulham,1,Fulham,Manchester City,9/18/11 00:00,0,3,0,0,0,0
Schwarzer Mark,Fulham,1,Fulham,Manchester City,2/4/12 00:00,0,2,0,0,0,0
Schwarzer Mark,Fulham,1,Fulham,Manchester United,3/26/12 00:00,0,7,0,0,0,0
Schwarzer Mark,Fulham,1,Fulham,Newcastle United,8/28/11 00:00,0,4,0,0,0,0
Schwarzer Mark,Fulham,1,Fulham,Norwich City,3/31/12 00:00,0,3,0,0,0,0
Schwarzer Mark,Fulham,1,Fulham,Queens Park Rangers,10/2/11 00:00,0,5,0,0,0,0
Schwarzer Mark,Fulham,1,Fulham,Queens Park Rangers,2/25/12 00:00,0,7,0,0,0,0
Schwarzer Mark,Fulham,1,Fulham,Stoke City,10/15/11 00:00,0,1,0,0,0,0
Schwarzer Mark,Fulham,1,Fulham,Stoke City,2/11/12 00:00,0,1,0,0,0,0
Schwarzer Mark,Fulham,1,Fulham,Sunderland,11/19/11 00:00,0,3,0,0,0,0
Schwarzer Mark,Fulham,1,Fulham,Sunderland,5/6/12 00:00,0,5,0,0,0,0
Schwarzer Mark,Fulham,1,Fulham,Swansea City,12/10/11 00:00,0,3,0,0,0,0
Schwarzer Mark,Fulham,1,Fulham,Swansea City,3/17/12 00:00,0,2,0,0,0,0
Schwarzer Mark,Fulham,1,Fulham,Tottenham Hotspur,11/6/11 00:00,0,2,0,0,0,0
Schwarzer Mark,Fulham,1,Fulham,Tottenham Hotspur,5/13/12 00:00,0,4,0,0,0,0
Schwarzer Mark,Fulham,1,Fulham,West Bromwich Albion,9/24/11 00:00,0,3,0,0,0,0
Schwarzer Mark,Fulham,1,Fulham,Wigan Athletic,10/29/11 00:00,0,6,0,0,0,0
Schwarzer Mark,Fulham,1,Fulham,Wigan Athletic,4/21/12 00:00,0,3,0,0,0,0
Schwarzer Mark,Fulham,1,Fulham,Wolverhampton Wanderers,8/21/11 00:00,0,4,0,0,0,0
Schwarzer Mark,Fulham,1,Fulham,Wolverhampton Wanderers,3/4/12 00:00,0,1,0,0,0,0
Dyer Kieron,Queens Park Rangers,4,Queens Park Rangers,Bolton Wanderers,8/13/11 00:00,0,0,0,0,0,0
Brown Wes,Sunderland,2,Sunderland,Arsenal,10/16/11 00:00,0,0,0,0,0,0
Brown Wes,Sunderland,2,Sunderland,Aston Villa,10/29/11 00:00,0,0,0,0,0,0
Brown Wes,Sunderland,2,Sunderland,Blackburn Rovers,12/11/11 00:00,0,0,0,0,0,0
Brown Wes,Sunderland,2,Sunderland,Bolton Wanderers,10/22/11 00:00,0,0,0,0,0,0
Brown Wes,Sunderland,2,Sunderland,Chelsea,9/10/11 00:00,0,0,0,0,0,0
Brown Wes,Sunderland,2,Sunderland,Everton,12/26/11 00:00,0,0,0,0,0,0
Brown Wes,Sunderland,2,Sunderland,Fulham,11/19/11 00:00,0,0,0,0,0,0
Brown Wes,Sunderland,2,Sunderland,Liverpool,8/13/11 00:00,0,0,0,0,0,0
Brown Wes,Sunderland,2,Sunderland,Manchester City,1/1/12 00:00,0,0,0,0,0,0
Brown Wes,Sunderland,2,Sunderland,Manchester United,11/5/11 00:00,0,0,0,0,0,0
Brown Wes,Sunderland,2,Sunderland,Newcastle United,8/20/11 00:00,0,0,0,0,0,0
Brown Wes,Sunderland,2,Sunderland,Norwich City,9/26/11 00:00,0,0,0,0,0,0
Brown Wes,Sunderland,2,Sunderland,Queens Park Rangers,12/21/11 00:00,1,0,0,0,0,0
Brown Wes,Sunderland,2,Sunderland,Stoke City,9/18/11 00:00,0,0,0,0,0,0
Brown Wes,Sunderland,2,Sunderland,Swansea City,8/27/11 00:00,0,0,0,0,0,0
Brown Wes,Sunderland,2,Sunderland,Swansea City,1/21/12 00:00,0,0,0,0,0,0
Brown Wes,Sunderland,2,Sunderland,Tottenham Hotspur,12/18/11 00:00,0,0,0,0,0,0
Brown Wes,Sunderland,2,Sunderland,West Bromwich Albion,10/1/11 00:00,0,0,0,0,0,0
Brown Wes,Sunderland,2,Sunderland,Wigan Athletic,11/26/11 00:00,0,0,0,0,0,0
Brown Wes,Sunderland,2,Sunderland,Wolverhampton Wanderers,12/4/11 00:00,0,0,0,0,0,0
Hughes Aaron,Fulham,2,Fulham,Aston Villa,8/13/11 00:00,0,0,0,0,0,0
Hughes Aaron,Fulham,2,Fulham,Blackburn Rovers,9/11/11 00:00,0,0,0,0,0,0
Hughes Aaron,Fulham,2,Fulham,Bolton Wanderers,4/7/12 00:00,0,0,0,0,0,0
Hughes Aaron,Fulham,2,Fulham,Chelsea,4/9/12 00:00,0,0,0,0,0,0
Hughes Aaron,Fulham,2,Fulham,Everton,10/23/11 00:00,0,0,0,0,0,0
Hughes Aaron,Fulham,2,Fulham,Everton,4/28/12 00:00,0,0,0,0,0,0
Hughes Aaron,Fulham,2,Fulham,Liverpool,5/1/12 00:00,0,0,0,0,0,0
Hughes Aaron,Fulham,2,Fulham,Manchester United,3/26/12 00:00,0,0,0,0,0,0
Hughes Aaron,Fulham,2,Fulham,Newcastle United,8/28/11 00:00,0,0,0,0,0,0
Hughes Aaron,Fulham,2,Fulham,Norwich City,3/31/12 00:00,0,0,0,0,0,0
Hughes Aaron,Fulham,2,Fulham,Queens Park Rangers,2/25/12 00:00,0,0,0,0,0,0
Hughes Aaron,Fulham,2,Fulham,Stoke City,10/15/11 00:00,0,0,0,0,0,0
Hughes Aaron,Fulham,2,Fulham,Stoke City,2/11/12 00:00,0,0,0,0,0,0
Hughes Aaron,Fulham,2,Fulham,Sunderland,11/19/11 00:00,0,0,0,0,0,0
Hughes Aaron,Fulham,2,Fulham,Sunderland,5/6/12 00:00,0,0,0,0,0,0
Hughes Aaron,Fulham,2,Fulham,Tottenham Hotspur,5/13/12 00:00,0,0,0,0,0,0
Hughes Aaron,Fulham,2,Fulham,Wigan Athletic,4/21/12 00:00,0,0,0,0,0,0
Hughes Aaron,Fulham,2,Fulham,Wolverhampton Wanderers,8/21/11 00:00,0,0,0,0,0,0
Hughes Aaron,Fulham,2,Fulham,Wolverhampton Wanderers,3/4/12 00:00,0,0,0,0,0,0
Young Luke,Queens Park Rangers,2,Queens Park Rangers,Arsenal,12/31/11 00:00,0,0,0,0,0,0
Young Luke,Aston Villa,2,Aston Villa,Blackburn Rovers,8/20/11 00:00,0,0,0,0,0,0
Young Luke,Aston Villa,2,Aston Villa,Fulham,8/13/11 00:00,0,0,0,0,0,0
Young Luke,Queens Park Rangers,2,Queens Park Rangers,Aston Villa,9/25/11 00:00,0,0,0,0,0,0
Young Luke,Queens Park Rangers,2,Queens Park Rangers,Aston Villa,2/1/12 00:00,0,0,0,0,0,0
Young Luke,Queens Park Rangers,2,Queens Park Rangers,Blackburn Rovers,10/15/11 00:00,0,0,0,0,0,0
Young Luke,Queens Park Rangers,2,Queens Park Rangers,Chelsea,10/23/11 00:00,0,0,0,0,0,0
Young Luke,Queens Park Rangers,2,Queens Park Rangers,Fulham,10/2/11 00:00,0,0,0,0,0,0
Young Luke,Queens Park Rangers,2,Queens Park Rangers,Liverpool,12/10/11 00:00,0,0,0,0,0,0
Young Luke,Queens Park Rangers,2,Queens Park Rangers,Liverpool,3/21/12 00:00,0,0,0,0,1,0
Young Luke,Queens Park Rangers,2,Queens Park Rangers,Manchester City,11/5/11 00:00,0,0,0,0,0,0
Young Luke,Queens Park Rangers,2,Queens Park Rangers,Manchester United,12/18/11 00:00,0,0,0,0,0,0
Young Luke,Queens Park Rangers,2,Queens Park Rangers,Newcastle United,9/12/11 00:00,0,0,0,0,0,0
Young Luke,Queens Park Rangers,2,Queens Park Rangers,Newcastle United,1/15/12 00:00,0,0,0,0,0,0
Young Luke,Queens Park Rangers,2,Queens Park Rangers,Norwich City,11/26/11 00:00,1,0,0,0,0,0
Young Luke,Queens Park Rangers,2,Queens Park Rangers,Norwich City,1/2/12 00:00,0,0,0,0,0,0
Young Luke,Queens Park Rangers,2,Queens Park Rangers,Stoke City,11/19/11 00:00,1,0,0,0,0,0
Young Luke,Queens Park Rangers,2,Queens Park Rangers,Sunderland,12/21/11 00:00,0,0,0,0,0,0
Young Luke,Queens Park Rangers,2,Queens Park Rangers,Sunderland,3/24/12 00:00,0,0,0,0,0,0
Young Luke,Queens Park Rangers,2,Queens Park Rangers,Swansea City,12/27/11 00:00,0,0,0,0,0,0
Young Luke,Queens Park Rangers,2,Queens Park Rangers,Tottenham Hotspur,10/30/11 00:00,0,0,0,0,0,0
Young Luke,Queens Park Rangers,2,Queens Park Rangers,West Bromwich Albion,12/3/11 00:00,0,0,0,0,0,0
Young Luke,Queens Park Rangers,2,Queens Park Rangers,Wigan Athletic,1/21/12 00:00,0,0,0,0,0,0
Young Luke,Queens Park Rangers,2,Queens Park Rangers,Wolverhampton Wanderers,9/17/11 00:00,0,0,0,0,0,0
Young Luke,Queens Park Rangers,2,Queens Park Rangers,Wolverhampton Wanderers,2/4/12 00:00,0,0,0,0,0,0
King Ledley,Tottenham Hotspur,2,Tottenham Hotspur,Arsenal,10/2/11 00:00,0,0,0,0,0,0
King Ledley,Tottenham Hotspur,2,Tottenham Hotspur,Arsenal,2/26/12 00:00,0,0,0,0,0,0
King Ledley,Tottenham Hotspur,2,Tottenham Hotspur,Aston Villa,11/21/11 00:00,0,0,0,0,0,0
King Ledley,Tottenham Hotspur,2,Tottenham Hotspur,Chelsea,12/22/11 00:00,0,0,0,0,0,0
King Ledley,Tottenham Hotspur,2,Tottenham Hotspur,Everton,3/10/12 00:00,0,0,0,0,0,0
King Ledley,Tottenham Hotspur,2,Tottenham Hotspur,Fulham,11/6/11 00:00,0,0,0,0,0,0
King Ledley,Tottenham Hotspur,2,Tottenham Hotspur,Liverpool,9/18/11 00:00,0,0,0,0,0,0
King Ledley,Tottenham Hotspur,2,Tottenham Hotspur,Liverpool,2/6/12 00:00,0,0,0,0,0,0
King Ledley,Tottenham Hotspur,2,Tottenham Hotspur,Manchester City,1/22/12 00:00,0,0,0,0,0,0
King Ledley,Tottenham Hotspur,2,Tottenham Hotspur,Manchester United,3/4/12 00:00,0,0,0,0,0,0
King Ledley,Tottenham Hotspur,2,Tottenham Hotspur,Newcastle United,10/16/11 00:00,0,0,0,0,0,0
King Ledley,Tottenham Hotspur,2,Tottenham Hotspur,Newcastle United,2/11/12 00:00,0,0,0,0,0,0
King Ledley,Tottenham Hotspur,2,Tottenham Hotspur,Norwich City,4/9/12 00:00,0,0,0,0,0,0
King Ledley,Tottenham Hotspur,2,Tottenham Hotspur,Queens Park Rangers,10/30/11 00:00,0,0,0,0,0,0
King Ledley,Tottenham Hotspur,2,Tottenham Hotspur,Queens Park Rangers,4/21/12 00:00,0,0,0,0,0,0
King Ledley,Tottenham Hotspur,2,Tottenham Hotspur,Stoke City,3/21/12 00:00,0,0,0,0,0,0
King Ledley,Tottenham Hotspur,2,Tottenham Hotspur,Sunderland,12/18/11 00:00,0,0,0,0,0,0
King Ledley,Tottenham Hotspur,2,Tottenham Hotspur,West Bromwich Albion,11/26/11 00:00,0,0,0,0,0,0
King Ledley,Tottenham Hotspur,2,Tottenham Hotspur,Wigan Athletic,9/24/11 00:00,0,0,0,0,0,0
King Ledley,Tottenham Hotspur,2,Tottenham Hotspur,Wigan Athletic,1/31/12 00:00,0,0,0,0,0,0
King Ledley,Tottenham Hotspur,2,Tottenham Hotspur,Wolverhampton Wanderers,9/10/11 00:00,0,0,0,0,0,0
Gower Mark,Swansea City,4,Swansea City,Arsenal,9/10/11 00:00,0,0,0,0,0,0
Gower Mark,Swansea City,4,Swansea City,Aston Villa,11/27/11 00:00,0,0,0,0,0,0
Gower Mark,Swansea City,4,Swansea City,Blackburn Rovers,12/3/11 00:00,0,0,0,0,1,0
Gower Mark,Swansea City,4,Swansea City,Blackburn Rovers,4/14/12 00:00,0,0,0,0,0,0
Gower Mark,Swansea City,4,Swansea City,Bolton Wanderers,10/29/11 00:00,0,0,0,0,1,0
Gower Mark,Swansea City,4,Swansea City,Chelsea,9/24/11 00:00,0,0,0,0,1,0
Gower Mark,Swansea City,4,Swansea City,Everton,12/21/11 00:00,0,0,0,0,0,0
Gower Mark,Swansea City,4,Swansea City,Fulham,12/10/11 00:00,0,0,0,0,1,0
Gower Mark,Swansea City,4,Swansea City,Fulham,3/17/12 00:00,0,0,0,0,0,0
Gower Mark,Swansea City,4,Swansea City,Liverpool,11/5/11 00:00,0,0,0,0,0,0
Gower Mark,Swansea City,4,Swansea City,Liverpool,5/13/12 00:00,0,0,0,0,0,0
Gower Mark,Swansea City,4,Swansea City,Manchester United,11/19/11 00:00,0,0,0,0,0,0
Gower Mark,Swansea City,4,Swansea City,Manchester United,5/6/12 00:00,0,0,0,0,0,0
Gower Mark,Swansea City,4,Swansea City,Newcastle United,12/17/11 00:00,0,0,0,0,0,0
Gower Mark,Swansea City,4,Swansea City,Norwich City,2/11/12 00:00,0,0,0,0,0,0
Gower Mark,Swansea City,4,Swansea City,Stoke City,10/2/11 00:00,0,0,0,0,0,0
Gower Mark,Swansea City,4,Swansea City,Tottenham Hotspur,12/31/11 00:00,0,0,0,0,0,0
Gower Mark,Swansea City,4,Swansea City,Tottenham Hotspur,4/1/12 00:00,0,0,0,0,0,0
Gower Mark,Swansea City,4,Swansea City,West Bromwich Albion,9/17/11 00:00,0,0,0,0,0,0
Gower Mark,Swansea City,4,Swansea City,Wolverhampton Wanderers,10/22/11 00:00,0,0,0,0,1,0
Bridge Wayne,Sunderland,2,Sunderland,Blackburn Rovers,3/20/12 00:00,0,0,0,0,0,0
Bridge Wayne,Sunderland,2,Sunderland,Bolton Wanderers,4/28/12 00:00,0,0,0,0,0,0
Bridge Wayne,Sunderland,2,Sunderland,Liverpool,3/10/12 00:00,0,0,0,0,0,0
Bridge Wayne,Sunderland,2,Sunderland,Manchester United,5/13/12 00:00,0,0,0,0,0,0
Bridge Wayne,Sunderland,2,Sunderland,Newcastle United,3/4/12 00:00,0,0,0,0,0,0
Bridge Wayne,Sunderland,2,Sunderland,Norwich City,2/1/12 00:00,0,0,0,0,0,0
Bridge Wayne,Sunderland,2,Sunderland,Queens Park Rangers,3/24/12 00:00,0,0,0,0,0,0
Bridge Wayne,Sunderland,2,Sunderland,West Bromwich Albion,2/25/12 00:00,0,0,0,0,0,0
S¿rensen Thomas,Stoke City,1,Stoke City,Aston Villa,12/26/11 00:00,0,2,0,0,0,0
S¿rensen Thomas,Stoke City,1,Stoke City,Blackburn Rovers,11/26/11 00:00,0,4,0,0,0,0
S¿rensen Thomas,Stoke City,1,Stoke City,Blackburn Rovers,1/2/12 00:00,0,4,0,0,0,0
S¿rensen Thomas,Stoke City,1,Stoke City,Bolton Wanderers,5/13/12 00:00,0,2,0,0,0,0
S¿rensen Thomas,Stoke City,1,Stoke City,Everton,12/4/11 00:00,0,0,0,0,0,0
S¿rensen Thomas,Stoke City,1,Stoke City,Fulham,2/11/12 00:00,0,2,0,0,0,0
S¿rensen Thomas,Stoke City,1,Stoke City,Liverpool,1/14/12 00:00,0,1,0,0,0,0
S¿rensen Thomas,Stoke City,1,Stoke City,Manchester City,12/21/11 00:00,0,8,0,0,0,0
S¿rensen Thomas,Stoke City,1,Stoke City,Manchester United,1/31/12 00:00,0,0,0,0,0,0
S¿rensen Thomas,Stoke City,1,Stoke City,Queens Park Rangers,11/19/11 00:00,0,2,0,0,0,0
S¿rensen Thomas,Stoke City,1,Stoke City,Queens Park Rangers,5/6/12 00:00,0,5,0,0,0,0
S¿rensen Thomas,Stoke City,1,Stoke City,Sunderland,2/4/12 00:00,0,0,0,0,0,0
S¿rensen Thomas,Stoke City,1,Stoke City,Tottenham Hotspur,12/11/11 00:00,0,7,0,0,0,0
S¿rensen Thomas,Stoke City,1,Stoke City,West Bromwich Albion,1/21/12 00:00,0,3,0,0,0,0
S¿rensen Thomas,Stoke City,1,Stoke City,Wigan Athletic,12/31/11 00:00,0,4,0,0,0,0
S¿rensen Thomas,Stoke City,1,Stoke City,Wolverhampton Wanderers,12/17/11 00:00,0,2,0,0,0,0
Monk Garry,Swansea City,2,Swansea City,Aston Villa,11/27/11 00:00,0,0,0,0,0,0
Monk Garry,Swansea City,2,Swansea City,Blackburn Rovers,12/3/11 00:00,0,0,0,0,0,0
Monk Garry,Swansea City,2,Swansea City,Blackburn Rovers,4/14/12 00:00,0,0,0,0,0,0
Monk Garry,Swansea City,2,Swansea City,Bolton Wanderers,10/29/11 00:00,0,0,0,0,0,0
Monk Garry,Swansea City,2,Swansea City,Chelsea,9/24/11 00:00,0,0,0,0,0,0
Monk Garry,Swansea City,2,Swansea City,Fulham,3/17/12 00:00,0,0,0,0,0,0
Monk Garry,Swansea City,2,Swansea City,Liverpool,11/5/11 00:00,0,0,0,0,0,0
Monk Garry,Swansea City,2,Swansea City,Manchester City,3/11/12 00:00,0,0,0,0,0,0
Monk Garry,Swansea City,2,Swansea City,Manchester United,11/19/11 00:00,0,0,0,0,0,0
Monk Garry,Swansea City,2,Swansea City,Norwich City,10/15/11 00:00,0,0,0,0,0,0
Monk Garry,Swansea City,2,Swansea City,Stoke City,10/2/11 00:00,0,0,0,0,0,0
Monk Garry,Swansea City,2,Swansea City,Tottenham Hotspur,12/31/11 00:00,0,0,0,0,0,0
Monk Garry,Swansea City,2,Swansea City,Tottenham Hotspur,4/1/12 00:00,0,0,0,0,0,0
Monk Garry,Swansea City,2,Swansea City,West Bromwich Albion,9/17/11 00:00,0,0,0,0,0,0
Monk Garry,Swansea City,2,Swansea City,Wolverhampton Wanderers,10/22/11 00:00,0,0,0,0,0,0
Monk Garry,Swansea City,2,Swansea City,Wolverhampton Wanderers,4/28/12 00:00,0,0,0,0,0,0
Craddock Jody,Wolverhampton Wanderers,2,Wolverhampton Wanderers,Sunderland,12/4/11 00:00,0,0,0,0,0,0
Robinson Paul,Bolton Wanderers,2,Bolton Wanderers,Arsenal,9/24/11 00:00,0,0,0,0,0,0
Robinson Paul,Bolton Wanderers,2,Bolton Wanderers,Aston Villa,12/10/11 00:00,0,0,0,0,0,0
Robinson Paul,Bolton Wanderers,2,Bolton Wanderers,Blackburn Rovers,12/20/11 00:00,0,0,0,0,0,0
Robinson Paul,Bolton Wanderers,2,Bolton Wanderers,Chelsea,10/2/11 00:00,0,0,0,0,0,0
Robinson Paul,Bolton Wanderers,2,Bolton Wanderers,Everton,11/26/11 00:00,0,0,0,0,0,0
Robinson Paul,Bolton Wanderers,2,Bolton Wanderers,Liverpool,8/27/11 00:00,0,0,0,0,0,0
Robinson Paul,Bolton Wanderers,2,Bolton Wanderers,Manchester City,8/21/11 00:00,0,0,0,0,0,0
Robinson Paul,Bolton Wanderers,2,Bolton Wanderers,Manchester United,9/10/11 00:00,0,0,0,0,0,0
Robinson Paul,Bolton Wanderers,2,Bolton Wanderers,Newcastle United,12/26/11 00:00,0,0,0,0,0,0
Robinson Paul,Bolton Wanderers,2,Bolton Wanderers,Norwich City,9/17/11 00:00,0,0,0,0,0,0
Robinson Paul,Bolton Wanderers,2,Bolton Wanderers,Queens Park Rangers,8/13/11 00:00,0,0,0,0,0,0
Robinson Paul,Bolton Wanderers,2,Bolton Wanderers,Stoke City,11/6/11 00:00,0,0,0,0,1,0
Robinson Paul,Bolton Wanderers,2,Bolton Wanderers,Sunderland,10/22/11 00:00,0,0,0,0,0,0
Robinson Paul,Bolton Wanderers,2,Bolton Wanderers,Swansea City,10/29/11 00:00,0,0,0,0,0,0
Robinson Paul,Bolton Wanderers,2,Bolton Wanderers,Tottenham Hotspur,12/3/11 00:00,0,0,0,0,0,0
Robinson Paul,Bolton Wanderers,2,Bolton Wanderers,West Bromwich Albion,11/19/11 00:00,0,0,0,0,0,0
Robinson Paul,Bolton Wanderers,2,Bolton Wanderers,Wigan Athletic,10/15/11 00:00,0,0,0,0,0,0
Smith Tommy,Queens Park Rangers,4,Queens Park Rangers,Arsenal,12/31/11 00:00,0,0,0,0,0,0
Smith Tommy,Queens Park Rangers,4,Queens Park Rangers,Aston Villa,9/25/11 00:00,0,0,0,0,0,0
Smith Tommy,Queens Park Rangers,4,Queens Park Rangers,Aston Villa,2/1/12 00:00,0,0,0,0,0,0
Smith Tommy,Queens Park Rangers,4,Queens Park Rangers,Blackburn Rovers,10/15/11 00:00,0,0,0,0,0,0
Smith Tommy,Queens Park Rangers,4,Queens Park Rangers,Bolton Wanderers,8/13/11 00:00,0,0,0,0,0,0
Smith Tommy,Queens Park Rangers,4,Queens Park Rangers,Chelsea,10/23/11 00:00,0,0,0,0,0,2
Smith Tommy,Queens Park Rangers,4,Queens Park Rangers,Everton,8/20/11 00:00,1,0,0,0,0,1
Smith Tommy,Queens Park Rangers,4,Queens Park Rangers,Fulham,10/2/11 00:00,0,0,0,0,0,0
Smith Tommy,Queens Park Rangers,4,Queens Park Rangers,Liverpool,12/10/11 00:00,0,0,0,0,0,0
Smith Tommy,Queens Park Rangers,4,Queens Park Rangers,Manchester City,11/5/11 00:00,0,0,0,0,0,0
Smith Tommy,Queens Park Rangers,4,Queens Park Rangers,Manchester United,4/8/12 00:00,0,0,0,0,0,0
Smith Tommy,Queens Park Rangers,4,Queens Park Rangers,Newcastle United,1/15/12 00:00,0,0,0,0,0,0
Smith Tommy,Queens Park Rangers,4,Queens Park Rangers,Norwich City,11/26/11 00:00,0,0,0,0,0,0
Smith Tommy,Queens Park Rangers,4,Queens Park Rangers,Swansea City,4/11/12 00:00,0,0,0,0,0,0
Smith Tommy,Queens Park Rangers,4,Queens Park Rangers,Wigan Athletic,8/27/11 00:00,0,0,0,0,0,0
Smith Tommy,Queens Park Rangers,4,Queens Park Rangers,Wigan Athletic,1/21/12 00:00,1,0,0,0,0,1
Smith Tommy,Queens Park Rangers,4,Queens Park Rangers,Wolverhampton Wanderers,9/17/11 00:00,0,0,0,0,0,0
Ferdinand Rio,Manchester United,2,Manchester United,Aston Villa,12/3/11 00:00,0,0,0,0,0,0
Ferdinand Rio,Manchester United,2,Manchester United,Aston Villa,4/15/12 00:00,0,0,0,0,0,0
Ferdinand Rio,Manchester United,2,Manchester United,Blackburn Rovers,4/2/12 00:00,0,0,0,0,0,0
Ferdinand Rio,Manchester United,2,Manchester United,Bolton Wanderers,9/10/11 00:00,0,0,0,0,0,0
Ferdinand Rio,Manchester United,2,Manchester United,Bolton Wanderers,1/14/12 00:00,0,0,0,0,0,0
Ferdinand Rio,Manchester United,2,Manchester United,Chelsea,2/5/12 00:00,0,0,0,0,0,0
Ferdinand Rio,Manchester United,2,Manchester United,Everton,4/22/12 00:00,0,0,0,0,0,0
Ferdinand Rio,Manchester United,2,Manchester United,Fulham,3/26/12 00:00,0,0,0,0,0,0
Ferdinand Rio,Manchester United,2,Manchester United,Liverpool,10/15/11 00:00,0,0,0,0,0,0
Ferdinand Rio,Manchester United,2,Manchester United,Liverpool,2/11/12 00:00,0,0,0,0,0,0
Ferdinand Rio,Manchester United,2,Manchester United,Manchester City,10/23/11 00:00,0,0,0,0,0,0
Ferdinand Rio,Manchester United,2,Manchester United,Manchester City,4/30/12 00:00,0,0,0,0,0,0
Ferdinand Rio,Manchester United,2,Manchester United,Newcastle United,11/26/11 00:00,0,0,0,0,0,0
Ferdinand Rio,Manchester United,2,Manchester United,Newcastle United,1/4/12 00:00,0,0,0,0,0,0
Ferdinand Rio,Manchester United,2,Manchester United,Norwich City,10/1/11 00:00,0,0,0,0,0,0
Ferdinand Rio,Manchester United,2,Manchester United,Norwich City,2/26/12 00:00,0,0,0,0,0,0
Ferdinand Rio,Manchester United,2,Manchester United,Queens Park Rangers,12/18/11 00:00,0,0,0,0,0,0
Ferdinand Rio,Manchester United,2,Manchester United,Queens Park Rangers,4/8/12 00:00,0,0,0,0,0,0
Ferdinand Rio,Manchester United,2,Manchester United,Stoke City,9/24/11 00:00,0,0,0,0,0,0
Ferdinand Rio,Manchester United,2,Manchester United,Stoke City,1/31/12 00:00,0,0,0,0,0,0
Ferdinand Rio,Manchester United,2,Manchester United,Sunderland,11/5/11 00:00,0,0,0,0,0,0
Ferdinand Rio,Manchester United,2,Manchester United,Sunderland,5/13/12 00:00,0,0,0,0,0,0
Ferdinand Rio,Manchester United,2,Manchester United,Swansea City,11/19/11 00:00,0,0,0,0,0,0
Ferdinand Rio,Manchester United,2,Manchester United,Swansea City,5/6/12 00:00,0,0,0,0,0,0
Ferdinand Rio,Manchester United,2,Manchester United,Tottenham Hotspur,3/4/12 00:00,0,0,0,0,0,0
Ferdinand Rio,Manchester United,2,Manchester United,West Bromwich Albion,8/14/11 00:00,0,0,0,0,0,0
Ferdinand Rio,Manchester United,2,Manchester United,West Bromwich Albion,3/11/12 00:00,0,0,0,0,0,0
Ferdinand Rio,Manchester United,2,Manchester United,Wigan Athletic,4/11/12 00:00,0,0,0,0,0,0
Ferdinand Rio,Manchester United,2,Manchester United,Wolverhampton Wanderers,12/10/11 00:00,0,0,0,0,0,0
Ferdinand Rio,Manchester United,2,Manchester United,Wolverhampton Wanderers,3/18/12 00:00,0,0,0,0,0,0
Lampard Frank,Chelsea,4,Chelsea,Arsenal,10/29/11 00:00,1,0,0,0,1,0
Lampard Frank,Chelsea,4,Chelsea,Aston Villa,12/31/11 00:00,0,0,0,0,0,0
Lampard Frank,Chelsea,4,Chelsea,Aston Villa,3/31/12 00:00,0,0,0,0,0,0
Lampard Frank,Chelsea,4,Chelsea,Blackburn Rovers,11/5/11 00:00,1,0,0,0,0,0
Lampard Frank,Chelsea,4,Chelsea,Bolton Wanderers,10/2/11 00:00,3,0,0,0,0,0
Lampard Frank,Chelsea,4,Chelsea,Bolton Wanderers,2/25/12 00:00,1,0,0,0,1,0
Lampard Frank,Chelsea,4,Chelsea,Everton,10/15/11 00:00,0,0,0,0,1,0
Lampard Frank,Chelsea,4,Chelsea,Everton,2/11/12 00:00,0,0,0,0,0,0
Lampard Frank,Chelsea,4,Chelsea,Fulham,12/26/11 00:00,0,0,0,0,0,0
Lampard Frank,Chelsea,4,Chelsea,Fulham,4/9/12 00:00,1,0,1,0,0,0
Lampard Frank,Chelsea,4,Chelsea,Liverpool,11/20/11 00:00,0,0,0,0,0,0
Lampard Frank,Chelsea,4,Chelsea,Manchester City,12/12/11 00:00,1,0,1,0,0,0
Lampard Frank,Chelsea,4,Chelsea,Manchester City,3/21/12 00:00,0,0,0,0,0,0
Lampard Frank,Chelsea,4,Chelsea,Manchester United,9/18/11 00:00,0,0,0,0,0,0
Lampard Frank,Chelsea,4,Chelsea,Newcastle United,12/3/11 00:00,0,0,0,1,0,0
Lampard Frank,Chelsea,4,Chelsea,Newcastle United,5/2/12 00:00,0,0,0,0,0,0
Lampard Frank,Chelsea,4,Chelsea,Norwich City,8/27/11 00:00,1,0,1,0,1,0
Lampard Frank,Chelsea,4,Chelsea,Norwich City,1/21/12 00:00,0,0,0,0,0,0
Lampard Frank,Chelsea,4,Chelsea,Queens Park Rangers,10/23/11 00:00,0,0,0,0,0,0
Lampard Frank,Chelsea,4,Chelsea,Queens Park Rangers,4/29/12 00:00,0,0,0,0,0,0
Lampard Frank,Chelsea,4,Chelsea,Stoke City,8/14/11 00:00,0,0,0,0,0,0
Lampard Frank,Chelsea,4,Chelsea,Stoke City,3/10/12 00:00,0,0,0,0,0,0
Lampard Frank,Chelsea,4,Chelsea,Sunderland,9/10/11 00:00,0,0,0,0,0,0